,Style,Category,Artist,Title,Year,Is painting,Face or body,Mean rating,Agreeableness,Anger,Anticipation,Arrogance,Disagreeableness,Disgust,Fear,Gratitude,Happiness,Humility,Love,Optimism,Pessimism,Regret,Sadness,Shame,Shyness,Surprise,Trust,Neutral
0,Renaissance Art,Northern Renaissance,Robert Campin,"Triptych: The Two Thieves with the Empty Cross, The Entombment, The Resurrection",1415,yes,face,1.2,0.0,0.1,0.1,0.0,0.0,0.0,0.2,0.2,0.0,0.0,0.0,0.0,0.0,0.1,0.4,0.0,0.0,0.1,0.5,0.0
1,Renaissance Art,Early Renaissance,Masaccio,St. Juvenal Triptych,1422,yes,face,1.06,0.0,0.0,0.0,0.0,0.0,0.063,0.0,0.188,0.188,0.313,0.313,0.188,0.0,0.0,0.063,0.0,0.0,0.0,0.688,0.0
2,Renaissance Art,Northern Renaissance,Robert Campin,Blessing Christ and Praying Virgin,1424,yes,face,1.6,0.1,0.0,0.0,0.0,0.0,0.0,0.0,0.6,0.3,0.3,0.3,0.2,0.0,0.1,0.0,0.0,0.0,0.0,0.6,0.0
3,Renaissance Art,Early Renaissance,Masaccio,The Tribute Money,1425,yes,face,1.08,0.0,0.083,0.16699999999999998,0.083,0.083,0.083,0.083,0.083,0.33299999999999996,0.41700000000000004,0.0,0.083,0.083,0.0,0.0,0.083,0.0,0.16699999999999998,0.5,0.0
4,Renaissance Art,Early Renaissance,Masaccio,St. Paul,1426,yes,face,1.45,0.0,0.0,0.091,0.0,0.0,0.091,0.0,0.182,0.091,0.273,0.091,0.273,0.0,0.0,0.364,0.0,0.0,0.091,0.364,0.0
5,Renaissance Art,Early Renaissance,Masaccio,St. Andrew,1426,yes,face,1.23,0.094,0.0,0.063,0.0,0.0,0.031,0.0,0.156,0.21899999999999997,0.406,0.109,0.109,0.016,0.016,0.23399999999999999,0.0,0.0,0.047,0.516,0.0
6,Renaissance Art,Early Renaissance,Masaccio,Adam and Eve banished from Paradise,1427,yes,face,0.63,0.0,0.127,0.042,0.027999999999999997,0.07,0.085,0.451,0.0,0.0,0.042,0.0,0.013999999999999999,0.19699999999999998,0.465,0.662,0.6759999999999999,0.027999999999999997,0.013999999999999999,0.085,0.0
7,Renaissance Art,Northern Renaissance,Robert Campin,Holy Virgin in Glory,1430,yes,face,0.4,0.0,0.1,0.0,0.1,0.0,0.0,0.2,0.4,0.3,0.2,0.5,0.1,0.1,0.1,0.1,0.1,0.0,0.0,0.5,0.0
8,Renaissance Art,Early Renaissance,Filippo Lippi,Madonna and Child,1430,yes,face,1.4,0.0,0.0,0.1,0.0,0.0,0.0,0.0,0.1,0.4,0.1,0.7,0.1,0.0,0.0,0.0,0.0,0.0,0.1,0.4,0.0
9,Renaissance Art,Early Renaissance,Fra Angelico,Last Judgment,1431,yes,face,1.14,0.071,0.071,0.14300000000000002,0.071,0.0,0.0,0.28600000000000003,0.071,0.14300000000000002,0.14300000000000002,0.071,0.14300000000000002,0.14300000000000002,0.071,0.0,0.071,0.071,0.14300000000000002,0.429,0.0
10,Renaissance Art,Northern Renaissance,Jan van Eyck,The Ghent Altarpiece,1432,yes,face,1.6,0.1,0.0,0.1,0.1,0.0,0.0,0.1,0.1,0.2,0.1,0.2,0.1,0.0,0.0,0.0,0.1,0.0,0.1,0.8,0.0
11,Renaissance Art,Early Renaissance,Donatello,David,1432,no,face,1.2,0.1,0.0,0.2,0.2,0.0,0.0,0.0,0.1,0.1,0.2,0.0,0.1,0.0,0.0,0.0,0.0,0.0,0.0,0.5,0.0
12,Renaissance Art,Northern Renaissance,Jan van Eyck,The Arnolfini Wedding. The Portrait of Giovanni Arnolfini and his Wife Giovanna Cenami (The Arnolfini Marriage),1434,yes,face,1.24,0.051,0.017,0.11900000000000001,0.102,0.017,0.034,0.068,0.051,0.508,0.153,0.5589999999999999,0.102,0.034,0.017,0.068,0.0,0.034,0.068,0.39,0.0
13,Renaissance Art,Early Renaissance,Domenico Veneziano,Madonna and Child,1435,yes,face,0.58,0.0,0.0,0.0,0.083,0.083,0.083,0.083,0.0,0.16699999999999998,0.16699999999999998,0.583,0.0,0.0,0.0,0.083,0.0,0.0,0.083,0.5,0.0
14,Renaissance Art,Northern Renaissance,Rogier van der Weyden,Portrait of a Young Woman in a Pinned Hat,1435,yes,face,1.36,0.0,0.0,0.091,0.091,0.0,0.0,0.0,0.0,0.545,0.273,0.0,0.182,0.0,0.0,0.0,0.0,0.0,0.0,0.455,0.091
15,Renaissance Art,Northern Renaissance,Konrad Witz,The Synagoge,1435,yes,face,0.85,0.077,0.077,0.308,0.077,0.077,0.154,0.154,0.077,0.308,0.154,0.154,0.154,0.154,0.077,0.308,0.077,0.077,0.154,0.308,0.0
16,Renaissance Art,Northern Renaissance,Jan van Eyck,Portrait of Giovanni Arnolfini,1435,yes,face,0.91,0.091,0.091,0.091,0.455,0.0,0.091,0.0,0.0,0.091,0.182,0.0,0.091,0.091,0.0,0.0,0.0,0.091,0.091,0.455,0.0
17,Renaissance Art,Northern Renaissance,Konrad Witz,St. Christopher,1435,yes,face,1.39,0.07,0.013999999999999999,0.085,0.013999999999999999,0.027999999999999997,0.055999999999999994,0.099,0.33799999999999997,0.29600000000000004,0.479,0.33799999999999997,0.268,0.042,0.0,0.042,0.0,0.013999999999999999,0.027999999999999997,0.43700000000000006,0.0
18,Renaissance Art,Northern Renaissance,Robert Campin,Virgin and Child in an Interior,1435,yes,face,1.79,0.0,0.0,0.0,0.0,0.0,0.0,0.0,0.071,0.35700000000000004,0.214,0.5710000000000001,0.071,0.0,0.0,0.0,0.0,0.0,0.0,0.35700000000000004,0.0
19,Renaissance Art,Northern Renaissance,Jan van Eyck,The Lucca Madonna,1436,yes,face,0.75,0.083,0.0,0.083,0.0,0.0,0.0,0.083,0.083,0.41700000000000004,0.16699999999999998,0.833,0.33299999999999996,0.0,0.083,0.0,0.0,0.0,0.0,0.25,0.0
20,Renaissance Art,Early Renaissance,Paolo Uccello,Equestrian Monument of Sir John Hawkwood,1436,yes,face,0.3,0.0,0.0,0.2,0.4,0.0,0.0,0.0,0.0,0.1,0.0,0.0,0.1,0.0,0.0,0.0,0.0,0.0,0.0,0.6,0.0
21,Renaissance Art,Northern Renaissance,Robert Campin,Werl Altarpiece,1438,yes,face,0.82,0.0,0.0,0.182,0.091,0.091,0.0,0.0,0.273,0.273,0.273,0.091,0.091,0.091,0.182,0.182,0.091,0.0,0.091,0.455,0.0
22,Renaissance Art,Northern Renaissance,Konrad Witz,St. Catherine and Mary Magdalene,1440,yes,face,2.3,0.0,0.0,0.0,0.1,0.0,0.0,0.0,0.2,0.4,0.6,0.4,0.0,0.0,0.0,0.0,0.0,0.0,0.0,0.6,0.0
23,Renaissance Art,Early Renaissance,Andrea del Castagno,Crucifixion and Saints,1441,yes,face,0.8,0.0,0.0,0.1,0.0,0.0,0.1,0.2,0.1,0.1,0.1,0.1,0.0,0.2,0.2,0.7,0.3,0.0,0.1,0.3,0.0
24,Renaissance Art,Early Renaissance,Pisanello,Portrait of Leonillo d&#39;Este,1441,yes,face,1.3,0.1,0.0,0.1,0.0,0.0,0.1,0.0,0.1,0.2,0.3,0.1,0.2,0.0,0.1,0.0,0.0,0.1,0.0,0.7,0.0
25,Renaissance Art,Northern Renaissance,Jan van Eyck,Virgin and Child with Saints and Donor,1441,yes,face,2.4,0.0,0.0,0.1,0.0,0.0,0.0,0.0,0.1,0.3,0.2,0.2,0.2,0.0,0.0,0.0,0.0,0.1,0.1,0.8,0.0
26,Renaissance Art,Early Renaissance,Filippo Lippi,Annunciation,1443,yes,face,1.62,0.13,0.013000000000000001,0.11699999999999999,0.013000000000000001,0.0,0.0,0.026000000000000002,0.364,0.312,0.40299999999999997,0.23399999999999999,0.20800000000000002,0.0,0.026000000000000002,0.026000000000000002,0.0,0.026000000000000002,0.026000000000000002,0.701,0.0
27,Renaissance Art,Northern Renaissance,Konrad Witz,The Miraculous Draught of Fishes (Peter&#39;s altar table),1444,yes,face,1.55,0.0,0.0,0.091,0.091,0.0,0.0,0.0,0.273,0.182,0.091,0.0,0.273,0.091,0.0,0.0,0.0,0.0,0.0,0.273,0.0
28,Renaissance Art,Early Renaissance,Domenico Veneziano,The Stigmatization of St. Francis,1445,yes,face,1.2,0.1,0.0,0.1,0.0,0.0,0.0,0.5,0.2,0.2,0.1,0.0,0.0,0.1,0.1,0.2,0.2,0.0,0.0,0.4,0.0
29,Renaissance Art,Early Renaissance,Filippo Lippi,Coronation of the Virgin,1445,yes,face,1.67,0.083,0.0,0.083,0.0,0.0,0.0,0.0,0.16699999999999998,0.25,0.33299999999999996,0.16699999999999998,0.25,0.0,0.0,0.0,0.0,0.0,0.083,0.833,0.0
30,Renaissance Art,Early Renaissance,Domenico Veneziano,St. John in the Desert,1445,yes,face,1.9,0.0,0.0,0.3,0.0,0.0,0.0,0.0,0.2,0.3,0.3,0.0,0.3,0.0,0.0,0.0,0.0,0.0,0.1,0.5,0.0
31,Renaissance Art,Northern Renaissance,Dirk Bouts,"Polyptych of the Virgin: The Annunciation, The Visitation, The Adoration Of The Angels and The Adoration Of The Kings",1445,yes,face,1.4,0.0,0.0,0.1,0.0,0.0,0.1,0.1,0.3,0.4,0.4,0.3,0.1,0.0,0.0,0.1,0.0,0.0,0.1,0.6,0.0
32,Renaissance Art,Northern Renaissance,Jean Fouquet,"Portrait of Charles VII, King of France",1445,yes,face,0.7,0.1,0.0,0.0,0.2,0.1,0.2,0.0,0.1,0.1,0.0,0.0,0.0,0.1,0.0,0.2,0.0,0.0,0.1,0.4,0.0
33,Renaissance Art,Early Renaissance,Pisanello,Apparition of the Virgin to Sts Anthony Abbot and George,1445,yes,face,1.43,0.0,0.0,0.0,0.0,0.071,0.0,0.0,0.214,0.214,0.214,0.429,0.214,0.071,0.071,0.0,0.0,0.0,0.071,0.429,0.0
34,Renaissance Art,Early Renaissance,Paolo Uccello,Creation of Adam,1445,yes,face,1.1,0.078,0.039,0.078,0.026000000000000002,0.026000000000000002,0.052000000000000005,0.091,0.377,0.20800000000000002,0.273,0.28600000000000003,0.33799999999999997,0.026000000000000002,0.039,0.0,0.026000000000000002,0.039,0.065,0.48100000000000004,0.0
35,Renaissance Art,Northern Renaissance,Petrus Christus,Potrait of a Carthusian,1446,yes,face,1.14,0.043,0.013999999999999999,0.057,0.057,0.0,0.028999999999999998,0.028999999999999998,0.043,0.171,0.4,0.028999999999999998,0.1,0.071,0.028999999999999998,0.071,0.013999999999999999,0.028999999999999998,0.057,0.457,0.013999999999999999
36,Renaissance Art,Northern Renaissance,Petrus Christus,Edward Grimston,1446,yes,face,1.6,0.1,0.0,0.2,0.1,0.1,0.0,0.0,0.2,0.2,0.2,0.0,0.2,0.0,0.0,0.1,0.0,0.0,0.1,0.6,0.1
37,Renaissance Art,Early Renaissance,Andrea del Castagno,The Last Supper,1447,yes,face,1.82,0.091,0.0,0.091,0.091,0.091,0.091,0.182,0.455,0.455,0.364,0.455,0.182,0.091,0.091,0.364,0.091,0.091,0.091,0.636,0.0
38,Renaissance Art,Early Renaissance,Filippo Lippi,Coronation of the Virgin,1447,yes,face,1.27,0.091,0.091,0.091,0.273,0.091,0.091,0.091,0.455,0.182,0.091,0.182,0.091,0.091,0.091,0.182,0.091,0.091,0.091,0.636,0.0
39,Renaissance Art,Northern Renaissance,Petrus Christus,St. Eligius as a goldsmith showing a ring to the engaged couple,1449,yes,face,1.8,0.2,0.0,0.1,0.2,0.0,0.0,0.0,0.2,0.6,0.2,0.2,0.0,0.0,0.0,0.0,0.0,0.0,0.0,0.4,0.0
40,Renaissance Art,Early Renaissance,Pisanello,Portrait of a Princess of the House of Este,1449,yes,face,0.9,0.0,0.1,0.1,0.2,0.0,0.0,0.0,0.0,0.1,0.1,0.0,0.1,0.0,0.0,0.3,0.0,0.0,0.1,0.8,0.0
41,Renaissance Art,Early Renaissance,Benozzo Gozzoli,Madonna and Child Giving Blessings,1449,yes,face,1.33,0.0,0.0,0.16699999999999998,0.0,0.0,0.0,0.0,0.16699999999999998,0.583,0.33299999999999996,0.5,0.16699999999999998,0.0,0.083,0.083,0.0,0.0,0.083,0.5,0.0
42,Renaissance Art,Early Renaissance,Jacopo Bellini,The Madonna of Humility adored by Leonello d&#39;Este,1450,yes,face,1.8,0.0,0.0,0.1,0.0,0.0,0.0,0.0,0.1,0.5,0.4,0.5,0.2,0.1,0.1,0.1,0.0,0.0,0.1,0.8,0.0
43,Renaissance Art,Northern Renaissance,Rogier van der Weyden,Saint Ivo,1450,yes,face,1.23,0.0,0.0,0.154,0.0,0.0,0.0,0.077,0.154,0.077,0.154,0.0,0.0,0.0,0.077,0.231,0.0,0.0,0.0,0.462,0.0
44,Renaissance Art,Early Renaissance,Andrea del Castagno,Dante Alighieri,1450,yes,face,1.0,0.1,0.0,0.1,0.1,0.0,0.1,0.0,0.2,0.0,0.5,0.1,0.1,0.2,0.1,0.1,0.1,0.1,0.1,0.2,0.0
45,Renaissance Art,Early Renaissance,Andrea del Castagno,Queen Esther,1450,yes,face,0.8,0.0,0.0,0.1,0.1,0.0,0.0,0.0,0.2,0.3,0.1,0.1,0.2,0.0,0.0,0.0,0.0,0.0,0.1,0.6,0.0
46,Renaissance Art,Early Renaissance,Andrea del Castagno,Giovanni Boccaccio,1450,yes,face,0.8,0.0,0.1,0.0,0.4,0.0,0.1,0.0,0.2,0.1,0.2,0.0,0.1,0.1,0.0,0.0,0.0,0.0,0.1,0.5,0.0
47,Renaissance Art,Northern Renaissance,Rogier van der Weyden,Braque Family Triptych,1450,yes,face,1.42,0.083,0.0,0.0,0.0,0.0,0.0,0.0,0.25,0.33299999999999996,0.41700000000000004,0.16699999999999998,0.083,0.0,0.0,0.083,0.0,0.0,0.0,0.583,0.0
48,Renaissance Art,Northern Renaissance,Jean Fouquet,Madonna and Child. Left Panel of Diptych de Melun,1450,yes,face,1.08,0.0,0.083,0.16699999999999998,0.0,0.0,0.0,0.16699999999999998,0.16699999999999998,0.083,0.0,0.5,0.083,0.16699999999999998,0.0,0.083,0.083,0.0,0.33299999999999996,0.25,0.0
49,Renaissance Art,Early Renaissance,Piero della Francesca,Baptism of Christ,1450,yes,face,0.7,0.0,0.0,0.0,0.0,0.0,0.0,0.0,0.5,0.3,0.5,0.1,0.3,0.0,0.0,0.0,0.0,0.0,0.0,0.7,0.0
50,Renaissance Art,Early Renaissance,Benozzo Gozzoli,"St. Francis Giving Away His Clothes, Vision of the Church Militant and Triumphant",1452,yes,face,1.18,0.0,0.0,0.091,0.0,0.091,0.0,0.091,0.182,0.364,0.182,0.0,0.091,0.0,0.0,0.182,0.0,0.0,0.091,0.455,0.0
51,Renaissance Art,Early Renaissance,Andrea Mantegna,Adoration of the Shepherds,1456,yes,face,1.31,0.0,0.0,0.231,0.0,0.154,0.077,0.0,0.154,0.462,0.308,0.077,0.0,0.077,0.077,0.0,0.0,0.0,0.154,0.5379999999999999,0.0
52,Renaissance Art,Northern Renaissance,Petrus Christus,Isabella Of Portugal With St. Elizabeth,1458,yes,face,0.4,0.1,0.0,0.1,0.4,0.0,0.0,0.0,0.2,0.2,0.3,0.1,0.0,0.0,0.0,0.1,0.0,0.2,0.0,0.6,0.0
53,Renaissance Art,Early Renaissance,Filippo Lippi,The Adoration of the Infant Jesus,1459,yes,face,1.3,0.2,0.0,0.1,0.2,0.0,0.0,0.0,0.4,0.4,0.3,0.7,0.1,0.0,0.1,0.1,0.1,0.0,0.0,0.7,0.0
54,Renaissance Art,Northern Renaissance,Jean Fouquet,Cases of noble men and women,1460,yes,face,1.09,0.0,0.273,0.182,0.273,0.364,0.0,0.091,0.0,0.182,0.091,0.0,0.091,0.091,0.0,0.0,0.0,0.0,0.182,0.273,0.0
55,Renaissance Art,Early Renaissance,Filippo Lippi,The Martyrdom of St. Stephen,1460,yes,face,1.8,0.0,0.2,0.2,0.1,0.0,0.1,0.1,0.2,0.2,0.2,0.2,0.0,0.0,0.0,0.3,0.0,0.0,0.2,0.6,0.0
56,Renaissance Art,Northern Renaissance,Jean Fouquet,Battle of Fontenoy-en-Puisaye in 841,1460,yes,face,0.5,0.0,0.6,0.1,0.1,0.6,0.2,0.5,0.0,0.0,0.0,0.0,0.1,0.0,0.0,0.2,0.2,0.0,0.0,0.0,0.0
57,Renaissance Art,Northern Renaissance,Rogier van der Weyden,Portrait of a Lady,1460,yes,face,1.36,0.091,0.0,0.091,0.0,0.0,0.0,0.0,0.091,0.091,0.182,0.0,0.0,0.091,0.0,0.364,0.0,0.182,0.0,0.636,0.0
58,Renaissance Art,Early Renaissance,Piero della Francesca,Madonna del Parto,1460,yes,face,1.09,0.0,0.091,0.182,0.455,0.182,0.091,0.091,0.0,0.273,0.091,0.182,0.0,0.0,0.0,0.0,0.0,0.0,0.091,0.364,0.0
59,Renaissance Art,Northern Renaissance,Petrus Christus,Madonna with the Child,1460,yes,face,1.09,0.0,0.0,0.0,0.0,0.0,0.0,0.091,0.091,0.091,0.091,0.636,0.0,0.0,0.0,0.091,0.091,0.0,0.0,0.455,0.0
60,Renaissance Art,Early Renaissance,Donatello,Judith and Holofernes,1460,no,face,0.27,0.0,0.182,0.0,0.182,0.0,0.273,0.364,0.0,0.0,0.0,0.091,0.091,0.182,0.091,0.182,0.091,0.0,0.0,0.182,0.0
61,Renaissance Art,Early Renaissance,Paolo Uccello,The Hunt in the Forest,1460,yes,face,-0.42,0.0,0.16699999999999998,0.083,0.16699999999999998,0.16699999999999998,0.25,0.25,0.0,0.0,0.0,0.0,0.083,0.16699999999999998,0.083,0.25,0.16699999999999998,0.0,0.0,0.16699999999999998,0.0
62,Renaissance Art,Early Renaissance,Piero della Francesca,The Resurrection,1460,yes,face,1.3,0.0,0.0,0.1,0.0,0.0,0.0,0.0,0.2,0.4,0.0,0.0,0.2,0.1,0.0,0.3,0.0,0.0,0.1,0.8,0.0
63,Renaissance Art,Northern Renaissance,Dirk Bouts,Portrait of a Man,1462,yes,face,1.7,0.0,0.1,0.1,0.2,0.0,0.0,0.1,0.2,0.4,0.2,0.0,0.1,0.1,0.0,0.0,0.0,0.1,0.0,0.5,0.0
64,Renaissance Art,Northern Renaissance,Rogier van der Weyden,Portrait of a Woman,1464,yes,face,1.0,0.0,0.083,0.083,0.16699999999999998,0.0,0.083,0.083,0.0,0.16699999999999998,0.0,0.083,0.083,0.0,0.0,0.33299999999999996,0.0,0.0,0.083,0.25,0.0
65,Renaissance Art,Early Renaissance,Jacopo Bellini,Triptych of St. Sebastian,1464,yes,face,1.62,0.077,0.0,0.077,0.0,0.0,0.077,0.231,0.154,0.0,0.077,0.0,0.077,0.0,0.0,0.231,0.077,0.0,0.077,0.6920000000000001,0.0
66,Renaissance Art,Early Renaissance,Paolo Uccello,A Young Lady of Fashion,1464,yes,face,1.73,0.0,0.0,0.2,0.3,0.1,0.0,0.1,0.1,0.2,0.2,0.0,0.3,0.0,0.1,0.1,0.1,0.1,0.1,0.6,0.0
67,Renaissance Art,Northern Renaissance,Dirk Bouts,Mary and Child,1465,yes,face,2.1,0.0,0.0,0.1,0.0,0.0,0.0,0.0,0.3,0.8,0.2,0.7,0.1,0.0,0.0,0.0,0.0,0.0,0.1,0.6,0.0
68,Renaissance Art,Early Renaissance,Jacopo Bellini,Virgin and Child,1465,yes,face,1.5,0.061,0.045,0.045,0.045,0.045,0.03,0.061,0.242,0.424,0.318,0.8640000000000001,0.19699999999999998,0.03,0.045,0.091,0.03,0.045,0.121,0.424,0.0
69,Renaissance Art,Early Renaissance,Filippo Lippi,St. John Taking Leave of his Parents,1465,yes,face,0.46,0.154,0.077,0.077,0.077,0.154,0.077,0.077,0.154,0.231,0.231,0.077,0.077,0.077,0.154,0.231,0.0,0.0,0.0,0.308,0.0
70,Renaissance Art,Early Renaissance,Filippo Lippi,Disputation in the Synagogue,1465,yes,face,1.2,0.0,0.2,0.2,0.1,0.2,0.0,0.0,0.0,0.2,0.1,0.1,0.1,0.0,0.0,0.2,0.0,0.0,0.1,0.6,0.0
71,Renaissance Art,Northern Renaissance,Dirk Bouts,Altarpiece of the Holy Sacrament,1466,yes,face,1.8,0.0,0.1,0.2,0.0,0.0,0.0,0.0,0.3,0.4,0.4,0.0,0.3,0.1,0.0,0.1,0.0,0.0,0.0,0.5,0.0
72,Renaissance Art,Northern Renaissance,Dirk Bouts,The right wing of The Pearl of Brabant: Saint Christopher,1468,yes,face,1.8,0.2,0.0,0.1,0.1,0.0,0.0,0.0,0.5,0.5,0.6,0.4,0.3,0.0,0.0,0.0,0.0,0.1,0.1,0.4,0.0
73,Renaissance Art,Early Renaissance,Andrea del Verrocchio,Madonna and Child,1470,yes,face,1.6,0.0,0.0,0.0,0.0,0.0,0.0,0.0,0.2,0.6,0.3,1.0,0.1,0.0,0.0,0.0,0.0,0.0,0.0,0.4,0.0
74,Renaissance Art,Northern Renaissance,Petrus Christus,Portrait of a Young Girl,1470,yes,face,0.8,0.0,0.2,0.0,0.3,0.0,0.1,0.0,0.0,0.3,0.2,0.0,0.1,0.0,0.0,0.1,0.0,0.1,0.0,0.4,0.0
75,Renaissance Art,Northern Renaissance,Dirk Bouts,Portrait of a Man,1470,yes,face,0.9,0.1,0.1,0.1,0.3,0.0,0.0,0.1,0.1,0.2,0.2,0.1,0.0,0.0,0.0,0.3,0.0,0.0,0.0,0.1,0.0
76,Renaissance Art,Early Renaissance,Paolo Uccello,St. George and the Dragon,1470,yes,face,2.1,0.0,0.5,0.3,0.2,0.1,0.1,0.3,0.2,0.1,0.1,0.0,0.2,0.1,0.1,0.2,0.0,0.0,0.2,0.6,0.0
77,Renaissance Art,Northern Renaissance,Hugo van der Goes,The Adoration of the Kings (Monforte Altar),1470,yes,face,2.0,0.1,0.0,0.1,0.0,0.0,0.0,0.0,0.4,0.6,0.3,0.4,0.1,0.1,0.0,0.1,0.1,0.0,0.1,0.7,0.0
78,Renaissance Art,Northern Renaissance,Martin Schongauer,Holy Antonius,1470,yes,face,1.2,0.0,0.2,0.3,0.0,0.1,0.1,0.8,0.0,0.0,0.2,0.0,0.0,0.3,0.1,0.3,0.1,0.0,0.2,0.3,0.0
79,Renaissance Art,Northern Renaissance,Hugo van der Goes,The Crucifixion,1470,yes,face,0.5,0.083,0.083,0.083,0.16699999999999998,0.083,0.16699999999999998,0.33299999999999996,0.16699999999999998,0.083,0.16699999999999998,0.083,0.16699999999999998,0.16699999999999998,0.33299999999999996,0.667,0.16699999999999998,0.083,0.083,0.33299999999999996,0.0
80,Renaissance Art,Northern Renaissance,Hugo van der Goes,Death of the Virgin,1470,yes,face,1.7,0.1,0.0,0.1,0.0,0.0,0.0,0.3,0.1,0.0,0.1,0.1,0.1,0.1,0.1,0.8,0.1,0.0,0.0,0.3,0.0
81,Renaissance Art,Northern Renaissance,Hans Memling,Adoration of the Magi: Whole Triptych,1470,yes,face,1.9,0.0,0.0,0.0,0.1,0.0,0.0,0.0,0.4,0.3,0.2,0.1,0.0,0.0,0.0,0.1,0.0,0.0,0.0,0.8,0.0
82,Renaissance Art,Early Renaissance,Carlo Crivelli,Saint George,1470,yes,face,2.0,0.0,0.2,0.1,0.0,0.0,0.1,0.2,0.2,0.2,0.0,0.0,0.2,0.0,0.0,0.2,0.0,0.0,0.1,0.7,0.0
83,Renaissance Art,Early Renaissance,Antonello da Messina,Virgin of the Annunciation,1473,yes,face,1.42,0.012,0.0,0.049,0.012,0.049,0.012,0.062,0.136,0.185,0.38299999999999995,0.21,0.185,0.062,0.062,0.086,0.049,0.062,0.037000000000000005,0.43200000000000005,0.012
84,Renaissance Art,Early Renaissance,Pietro Perugino,The Miracles of San Bernardino. The Healing of the blind and deaf Riccardo Micuzio,1473,yes,face,1.33,0.0,0.0,0.25,0.0,0.0,0.0,0.0,0.0,0.16699999999999998,0.33299999999999996,0.0,0.33299999999999996,0.0,0.0,0.0,0.0,0.0,0.0,0.5,0.0
85,Renaissance Art,Early Renaissance,Pietro Perugino,The Miracles of San Bernardino. Miracle baby born with one dead,1473,yes,face,1.3,0.0,0.0,0.4,0.1,0.1,0.1,0.3,0.1,0.3,0.2,0.0,0.4,0.0,0.1,0.0,0.0,0.0,0.2,0.5,0.0
86,Renaissance Art,Early Renaissance,Carlo Crivelli,Lamentation of Christ,1473,yes,face,0.5,0.0,0.0,0.0,0.0,0.0,0.0,0.2,0.1,0.0,0.1,0.2,0.1,0.0,0.1,0.9,0.1,0.0,0.0,0.0,0.0
87,Renaissance Art,Early Renaissance,Antonello da Messina,Polyptych with St. Gregory,1473,yes,face,1.4,0.0,0.0,0.0,0.0,0.0,0.0,0.0,0.1,0.2,0.3,0.0,0.1,0.0,0.0,0.0,0.0,0.0,0.0,0.5,0.1
88,Renaissance Art,Early Renaissance,Antonello da Messina,Crucifixion,1475,yes,face,0.09,0.0,0.0,0.0,0.091,0.091,0.091,0.545,0.182,0.0,0.091,0.091,0.182,0.364,0.182,0.455,0.273,0.0,0.182,0.273,0.0
89,Renaissance Art,Northern Renaissance,Hans Memling,The Man of Sorrows in the Arms of the Virgin,1475,yes,face,1.9,0.0,0.0,0.1,0.0,0.0,0.0,0.2,0.1,0.0,0.3,0.1,0.0,0.0,0.3,0.7,0.1,0.0,0.2,0.5,0.0
90,Renaissance Art,Early Renaissance,Andrea del Verrocchio,The Baptism of Christ,1475,yes,face,1.5,0.2,0.0,0.0,0.0,0.0,0.0,0.0,0.2,0.3,0.3,0.1,0.2,0.0,0.1,0.2,0.1,0.0,0.0,0.6,0.0
91,Renaissance Art,Early Renaissance,Antonello da Messina,Portrait of a Man (The Condottiero),1475,yes,face,0.6,0.0,0.1,0.2,0.4,0.0,0.1,0.0,0.2,0.1,0.2,0.0,0.0,0.1,0.0,0.1,0.0,0.0,0.1,0.5,0.0
92,Renaissance Art,Early Renaissance,Andrea del Verrocchio,The Battle of Pydna,1475,yes,face,0.73,0.0,0.267,0.133,0.0,0.067,0.067,0.467,0.0,0.067,0.0,0.0,0.067,0.0,0.0,0.133,0.133,0.0,0.0,0.2,0.0
93,Renaissance Art,Northern Renaissance,Hugo van der Goes,Portrait Of A Man,1475,yes,face,1.6,0.1,0.0,0.1,0.0,0.0,0.0,0.0,0.2,0.1,0.6,0.0,0.1,0.0,0.0,0.0,0.0,0.0,0.0,0.7,0.0
94,Renaissance Art,Early Renaissance,Carlo Crivelli,Virgin and Child Enthroned,1476,yes,face,1.9,0.0,0.0,0.1,0.0,0.0,0.0,0.0,0.2,0.6,0.2,0.6,0.2,0.1,0.0,0.2,0.0,0.0,0.1,0.4,0.0
95,Renaissance Art,Northern Renaissance,Hugo van der Goes,The Trinity Altar Panels,1478,yes,face,1.09,0.091,0.0,0.0,0.0,0.091,0.091,0.0,0.182,0.182,0.182,0.091,0.091,0.0,0.0,0.091,0.091,0.0,0.0,0.455,0.0
96,Renaissance Art,Early Renaissance,Sandro Botticelli,Primavera,1478,yes,face,1.83,0.083,0.0,0.0,0.0,0.0,0.083,0.0,0.083,0.583,0.083,0.33299999999999996,0.25,0.0,0.0,0.0,0.0,0.0,0.0,0.33299999999999996,0.0
97,Renaissance Art,Early Renaissance,Pietro Perugino,St. Sebastian and pieces of figure of St. Rocco and St. Peter,1478,yes,face,1.91,0.0,0.182,0.091,0.091,0.0,0.0,0.455,0.0,0.0,0.182,0.0,0.0,0.091,0.273,0.455,0.091,0.0,0.0,0.364,0.0
98,Renaissance Art,Early Renaissance,Andrea del Verrocchio,Lorenzo de Medici,1480,no,face,1.17,0.083,0.25,0.25,0.0,0.083,0.083,0.0,0.0,0.0,0.0,0.0,0.25,0.0,0.0,0.0,0.0,0.0,0.083,0.33299999999999996,0.0
99,Renaissance Art,Early Renaissance,Leonardo da Vinci,The Madonna of the Carnation,1480,yes,face,1.9,0.0,0.0,0.0,0.0,0.0,0.0,0.0,0.1,0.6,0.2,0.5,0.0,0.0,0.0,0.0,0.0,0.0,0.0,0.5,0.0
100,Renaissance Art,Early Renaissance,Andrea Mantegna,San Sebastian,1480,yes,face,0.7,0.0,0.0,0.2,0.0,0.0,0.1,0.4,0.0,0.0,0.2,0.0,0.0,0.0,0.0,1.0,0.2,0.0,0.2,0.4,0.0
101,Renaissance Art,Early Renaissance,Giovanni Bellini,The San Giobbe Altarpiece Detail of Music Making Angels,1480,yes,face,1.7,0.2,0.0,0.1,0.2,0.0,0.0,0.0,0.2,0.8,0.4,0.3,0.1,0.0,0.0,0.0,0.0,0.1,0.1,0.4,0.0
102,Renaissance Art,Northern Renaissance,Hans Memling,Madonna and Child Enthroned with Two Angels,1480,yes,face,2.5,0.0,0.0,0.1,0.0,0.0,0.0,0.0,0.2,0.7,0.2,0.7,0.2,0.0,0.0,0.0,0.0,0.0,0.1,0.5,0.0
103,Renaissance Art,Early Renaissance,Pinturicchio,Saint Jerome in the Wilderness,1480,yes,face,1.2,0.0,0.0,0.0,0.0,0.0,0.0,0.0,0.3,0.0,0.3,0.0,0.2,0.0,0.0,0.8,0.3,0.0,0.0,0.3,0.0
104,Renaissance Art,Early Renaissance,Pinturicchio,Madonna with Writing Child and St. Jerome,1481,yes,face,1.45,0.0,0.091,0.091,0.0,0.0,0.0,0.0,0.091,0.364,0.364,0.636,0.182,0.0,0.0,0.0,0.0,0.0,0.091,0.364,0.0
105,Renaissance Art,Northern Renaissance,Gerard David,Christ Nailed to the Cross,1481,yes,face,0.57,0.071,0.071,0.071,0.0,0.14300000000000002,0.214,0.35700000000000004,0.071,0.0,0.28600000000000003,0.0,0.0,0.071,0.071,0.429,0.14300000000000002,0.071,0.071,0.28600000000000003,0.0
106,Renaissance Art,Early Renaissance,Sandro Botticelli,Venus and Mars,1483,yes,face,2.0,0.0,0.1,0.1,0.3,0.0,0.0,0.0,0.1,0.4,0.0,0.6,0.1,0.0,0.0,0.2,0.0,0.0,0.1,0.2,0.0
107,Renaissance Art,Early Renaissance,Carlo Crivelli,Lamentation Over the Dead Christ,1485,yes,face,0.78,0.011000000000000001,0.09,0.034,0.067,0.022000000000000002,0.09,0.292,0.079,0.045,0.067,0.11199999999999999,0.055999999999999994,0.10099999999999999,0.213,0.7190000000000001,0.135,0.011000000000000001,0.045,0.157,0.0
108,Renaissance Art,Northern Renaissance,Hieronymus Bosch,The Seven Deadly Sins and the Four Last Things,1485,yes,face,0.8,0.0,0.0,0.1,0.0,0.1,0.0,0.4,0.1,0.1,0.2,0.0,0.1,0.1,0.0,0.1,0.0,0.1,0.1,0.3,0.0
109,Renaissance Art,Northern Renaissance,Jean Hey,Portrait of Charles II of Bourbon,1485,yes,face,1.1,0.0,0.0,0.0,0.2,0.0,0.0,0.0,0.2,0.2,0.1,0.1,0.1,0.0,0.0,0.0,0.0,0.0,0.0,0.8,0.0
110,Renaissance Art,Early Renaissance,Sandro Botticelli,The Birth of Venus,1485,yes,face,2.2,0.0,0.0,0.1,0.1,0.0,0.0,0.0,0.3,0.9,0.1,0.7,0.3,0.0,0.0,0.0,0.0,0.0,0.0,0.5,0.0
111,Renaissance Art,Early Renaissance,Carlo Crivelli,Annunciation with Saint Emidius,1486,yes,face,1.65,0.039,0.02,0.11800000000000001,0.039,0.0,0.02,0.0,0.17600000000000002,0.529,0.17600000000000002,0.13699999999999998,0.275,0.02,0.0,0.02,0.0,0.0,0.039,0.5489999999999999,0.0
112,Renaissance Art,Early Renaissance,Domenico Ghirlandaio,Francesco Sassetti and His Son Teodoro,1487,yes,face,1.25,0.16699999999999998,0.0,0.083,0.0,0.0,0.0,0.0,0.0,0.083,0.16699999999999998,0.25,0.083,0.0,0.0,0.083,0.0,0.0,0.0,0.667,0.0
113,Renaissance Art,Early Renaissance,Giovanni Bellini,Transfiguration of Christ,1487,yes,face,2.3,0.1,0.0,0.3,0.0,0.0,0.0,0.1,0.2,0.4,0.2,0.2,0.2,0.0,0.1,0.2,0.0,0.0,0.2,0.8,0.0
114,Renaissance Art,High Renaissance,Michelangelo,The Torment of Saint Anthony,1487,yes,face,0.0,0.0,0.3,0.0,0.2,0.0,0.5,0.9,0.0,0.1,0.0,0.0,0.2,0.2,0.1,0.3,0.1,0.0,0.0,0.0,0.0
115,Renaissance Art,Early Renaissance,Carlo Crivelli,Virgin and Child Enthroned with Saints,1488,yes,face,1.4,0.0,0.0,0.1,0.1,0.0,0.1,0.1,0.4,0.5,0.2,0.3,0.2,0.0,0.0,0.1,0.0,0.0,0.1,0.5,0.0
116,Renaissance Art,Northern Renaissance,Jean Hey,The Nativity,1490,yes,face,1.7,0.0,0.0,0.1,0.0,0.0,0.1,0.0,0.3,0.6,0.5,0.8,0.2,0.0,0.0,0.0,0.0,0.0,0.1,0.4,0.0
117,Renaissance Art,High Renaissance,Giovanni Antonio Boltraffio,Madonna Litta,1490,yes,face,1.9,0.0,0.0,0.0,0.0,0.0,0.0,0.0,0.1,0.5,0.2,0.9,0.1,0.0,0.0,0.0,0.0,0.0,0.0,0.2,0.0
118,Renaissance Art,Early Renaissance,Domenico Ghirlandaio,Portrait of a Girl,1490,yes,face,1.0,0.1,0.0,0.1,0.1,0.0,0.0,0.1,0.3,0.6,0.4,0.2,0.1,0.0,0.0,0.0,0.0,0.0,0.1,0.3,0.0
119,Renaissance Art,High Renaissance,Piero di Cosimo,Portrait of Simonetta Vespucci as Cleopatra,1490,yes,face,2.0,0.091,0.0,0.091,0.0,0.0,0.0,0.0,0.0,0.545,0.0,0.0,0.364,0.0,0.0,0.0,0.0,0.0,0.0,0.545,0.0
120,Renaissance Art,High Renaissance,Leonardo da Vinci,Madonna Litta (Madonna and the Child),1490,yes,face,1.9,0.0,0.0,0.0,0.0,0.0,0.0,0.0,0.5,0.8,0.2,1.0,0.3,0.0,0.0,0.0,0.0,0.0,0.0,0.6,0.0
121,Renaissance Art,Northern Renaissance,Jean Hey,Portrait of Margaret of Austria (Portrait of a Young Princess),1491,yes,face,1.18,0.091,0.091,0.091,0.182,0.091,0.091,0.091,0.091,0.0,0.182,0.091,0.091,0.0,0.182,0.364,0.0,0.0,0.091,0.455,0.0
122,Renaissance Art,High Renaissance,Leonardo da Vinci,The proportions of the human figure (The Vitruvian Man),1492,yes,face,1.6,0.1,0.0,0.5,0.0,0.0,0.0,0.0,0.1,0.0,0.0,0.0,0.4,0.0,0.0,0.1,0.0,0.0,0.2,0.6,0.0
123,Renaissance Art,Early Renaissance,Domenico Ghirlandaio,The Nativity,1492,yes,face,1.82,0.091,0.0,0.0,0.091,0.0,0.0,0.0,0.455,0.545,0.273,0.455,0.273,0.0,0.0,0.0,0.0,0.0,0.0,0.636,0.0
124,Renaissance Art,High Renaissance,Pietro Perugino,The vision of St. Bernard,1493,yes,face,1.4,0.1,0.0,0.0,0.0,0.0,0.0,0.0,0.3,0.3,0.4,0.0,0.2,0.0,0.0,0.0,0.0,0.0,0.0,0.4,0.0
125,Renaissance Art,Northern Renaissance,Albrecht Durer,Self-Portrait,1493,yes,face,1.7,0.1,0.1,0.1,0.1,0.0,0.0,0.2,0.1,0.2,0.1,0.0,0.0,0.0,0.1,0.1,0.0,0.0,0.0,0.4,0.0
126,Renaissance Art,High Renaissance,Vittore Carpaccio,"The Martyrdom of the Pilgrims and the Funeral of St. Ursula, from the St. Ursula Cycle, 1490-94",1493,yes,face,0.73,0.0,0.091,0.091,0.182,0.091,0.0,0.091,0.0,0.0,0.091,0.0,0.0,0.0,0.091,0.273,0.0,0.0,0.0,0.364,0.0
127,Renaissance Art,Early Renaissance,Sandro Botticelli,Portrait of Dante,1495,yes,face,0.91,0.091,0.0,0.0,0.273,0.0,0.182,0.0,0.0,0.0,0.182,0.0,0.182,0.0,0.091,0.0,0.0,0.0,0.0,0.636,0.0
128,Renaissance Art,High Renaissance,Pietro Perugino,Madonna and Child,1495,yes,face,1.5,0.2,0.0,0.0,0.1,0.0,0.0,0.0,0.4,0.4,0.4,0.8,0.1,0.0,0.1,0.2,0.1,0.1,0.1,0.3,0.0
129,Renaissance Art,High Renaissance,Vittore Carpaccio,Dream of St.Ursula,1495,yes,face,1.0,0.091,0.0,0.091,0.0,0.091,0.0,0.091,0.273,0.273,0.273,0.182,0.636,0.182,0.091,0.364,0.091,0.091,0.091,0.182,0.0
130,Renaissance Art,High Renaissance,Giovanni Antonio Boltraffio,Portrait of Gerolamo Casio,1495,yes,face,1.1,0.1,0.0,0.1,0.0,0.0,0.0,0.0,0.0,0.2,0.3,0.1,0.0,0.1,0.1,0.2,0.1,0.4,0.0,0.4,0.0
131,Renaissance Art,High Renaissance,Andrea Solario,Man with a Pink Carnation,1495,yes,face,1.5,0.0,0.0,0.0,0.3,0.0,0.0,0.0,0.1,0.3,0.2,0.0,0.3,0.1,0.1,0.0,0.0,0.0,0.0,0.6,0.0
132,Renaissance Art,High Renaissance,Leonardo da Vinci,The Last Supper,1495,yes,face,1.5,0.2,0.0,0.1,0.1,0.1,0.1,0.1,0.3,0.5,0.5,0.2,0.2,0.1,0.1,0.5,0.0,0.1,0.1,0.3,0.0
133,Renaissance Art,High Renaissance,Leonardo da Vinci,The Lady with an Ermine (Cecilia Gallerani),1496,yes,face,2.0,0.0,0.0,0.077,0.154,0.0,0.077,0.0,0.077,0.462,0.077,0.308,0.0,0.0,0.0,0.077,0.0,0.0,0.0,0.462,0.0
134,Renaissance Art,High Renaissance,Pietro Perugino,Madonna in Glory with the Child and Saints,1496,yes,face,1.36,0.091,0.0,0.091,0.0,0.0,0.091,0.091,0.727,0.455,0.455,0.455,0.273,0.091,0.091,0.0,0.0,0.0,0.091,0.545,0.0
135,Renaissance Art,High Renaissance,Pietro Perugino,Christ in Pieta,1497,yes,face,1.5,0.0,0.0,0.1,0.0,0.0,0.0,0.2,0.2,0.2,0.3,0.5,0.2,0.1,0.0,0.5,0.0,0.0,0.1,0.7,0.0
136,Renaissance Art,High Renaissance,Vittore Carpaccio,Portrait of a Woman,1498,yes,face,1.01,0.042,0.013999999999999999,0.155,0.16899999999999998,0.0,0.013999999999999999,0.013999999999999999,0.055999999999999994,0.155,0.19699999999999998,0.07,0.141,0.055999999999999994,0.027999999999999997,0.07,0.0,0.085,0.042,0.39399999999999996,0.0
137,Renaissance Art,Northern Renaissance,Jean Hey,"Peter II Duke of Bourbon presented by St. Peter, left hand wing of a triptych",1498,yes,face,1.7,0.0,0.0,0.1,0.2,0.1,0.2,0.1,0.3,0.1,0.3,0.0,0.1,0.0,0.0,0.0,0.1,0.0,0.2,0.6,0.0
138,Renaissance Art,Northern Renaissance,Jean Hey,The Bourbon Altarpiece (The Moulins Triptych),1498,yes,face,1.8,0.0,0.0,0.0,0.0,0.0,0.0,0.0,0.1,0.5,0.2,0.5,0.1,0.0,0.0,0.0,0.0,0.0,0.0,0.7,0.0
139,Renaissance Art,Northern Renaissance,Albrecht Durer,"The Four Horsemen of the Apocalypse, Death, Famine, Pestilence and War",1498,yes,face,1.0,0.0,0.8,0.0,0.2,0.1,0.6,0.8,0.1,0.2,0.1,0.0,0.0,0.4,0.3,0.2,0.4,0.0,0.0,0.0,0.0
140,Renaissance Art,Northern Renaissance,Albrecht Durer,Self-Portrait,1498,yes,face,0.7,0.1,0.0,0.2,0.4,0.0,0.0,0.0,0.0,0.3,0.2,0.0,0.2,0.1,0.1,0.1,0.0,0.1,0.2,0.3,0.0
141,Renaissance Art,High Renaissance,Piero di Cosimo,The Fight between the Lapiths and the Centaurs,1500,yes,face,0.5,0.0,0.5,0.2,0.0,0.3,0.2,0.2,0.0,0.0,0.0,0.0,0.0,0.0,0.0,0.3,0.1,0.0,0.2,0.2,0.0
142,Renaissance Art,Northern Renaissance,Albrecht Durer,Self-Portrait at the Age of Twenty Eight,1500,yes,face,1.7,0.1,0.0,0.1,0.1,0.0,0.0,0.0,0.1,0.2,0.1,0.0,0.3,0.0,0.0,0.1,0.0,0.0,0.2,0.5,0.0
143,Renaissance Art,High Renaissance,Pinturicchio,Portrait of a Boy,1500,yes,face,1.1,0.1,0.0,0.3,0.2,0.0,0.0,0.0,0.1,0.2,0.1,0.1,0.0,0.0,0.0,0.1,0.0,0.1,0.1,0.3,0.0
144,Renaissance Art,High Renaissance,Giovanni Antonio Boltraffio,Portrait of a Lady as St. Lucy,1500,yes,face,1.67,0.0,0.0,0.083,0.0,0.0,0.0,0.0,0.16699999999999998,0.083,0.33299999999999996,0.25,0.25,0.0,0.0,0.0,0.0,0.0,0.083,0.75,0.0
145,Renaissance Art,Early Renaissance,Sandro Botticelli,The Mystical Nativity,1500,yes,face,1.1,0.1,0.0,0.3,0.2,0.0,0.1,0.0,0.4,0.6,0.2,0.5,0.5,0.0,0.0,0.0,0.0,0.0,0.1,0.4,0.0
146,Renaissance Art,High Renaissance,Piero di Cosimo,A Young Man,1500,yes,face,1.0,0.231,0.0,0.154,0.0,0.0,0.154,0.0,0.154,0.154,0.154,0.0,0.154,0.077,0.0,0.077,0.0,0.154,0.0,0.308,0.0
147,Renaissance Art,Northern Renaissance,Hieronymus Bosch,Haywain,1500,yes,face,0.93,0.013000000000000001,0.158,0.237,0.053,0.171,0.11800000000000001,0.289,0.066,0.21100000000000002,0.066,0.066,0.145,0.079,0.053,0.21100000000000002,0.066,0.026000000000000002,0.171,0.25,0.013000000000000001
148,Renaissance Art,High Renaissance,Giovanni Antonio Boltraffio,Madonna and Child,1500,yes,face,1.55,0.076,0.045,0.106,0.03,0.045,0.03,0.045,0.182,0.5,0.303,0.879,0.19699999999999998,0.045,0.045,0.076,0.03,0.045,0.061,0.318,0.0
149,Renaissance Art,Northern Renaissance,Jan Provoost,Crucifixion,1500,yes,face,0.8,0.0,0.4,0.1,0.0,0.0,0.0,0.5,0.1,0.0,0.0,0.0,0.0,0.1,0.1,0.6,0.3,0.0,0.1,0.3,0.0
150,Renaissance Art,High Renaissance,Giovanni Antonio Boltraffio,Portrait of a Youth Holding an Arrow,1500,yes,face,1.9,0.0,0.0,0.1,0.0,0.0,0.0,0.0,0.0,0.6,0.2,0.2,0.3,0.1,0.0,0.0,0.0,0.0,0.1,0.4,0.0
151,Renaissance Art,High Renaissance,Pinturicchio,The Adoration of the Shepherds,1501,yes,face,1.76,0.069,0.0,0.055999999999999994,0.042,0.013999999999999999,0.013999999999999999,0.027999999999999997,0.33299999999999996,0.47200000000000003,0.41700000000000004,0.389,0.222,0.0,0.027999999999999997,0.027999999999999997,0.0,0.0,0.027999999999999997,0.556,0.0
152,Renaissance Art,High Renaissance,Pinturicchio,The Annunciation,1501,yes,face,1.69,0.0,0.0,0.154,0.0,0.077,0.0,0.077,0.077,0.5379999999999999,0.231,0.154,0.154,0.077,0.0,0.077,0.0,0.077,0.077,0.5379999999999999,0.0
153,Renaissance Art,High Renaissance,Andrea Mantegna,Minerva Chasing the Vices from the Garden of Virtue,1502,yes,face,0.27,0.0,0.182,0.091,0.182,0.091,0.182,0.364,0.0,0.091,0.182,0.091,0.091,0.0,0.091,0.091,0.182,0.0,0.182,0.273,0.0
154,Renaissance Art,High Renaissance,Raphael,The Madonna Conestabile,1502,yes,face,1.75,0.083,0.0,0.083,0.0,0.0,0.0,0.083,0.33299999999999996,0.583,0.5,0.5,0.083,0.0,0.0,0.0,0.0,0.0,0.083,0.667,0.0
155,Renaissance Art,Northern Renaissance,Albrecht Durer,Paumgartner Altar,1503,yes,face,1.09,0.034,0.023,0.138,0.126,0.046,0.08,0.126,0.10300000000000001,0.172,0.184,0.046,0.149,0.092,0.034,0.08,0.057,0.023,0.023,0.494,0.0
156,Renaissance Art,High Renaissance,Pinturicchio,Portrait of the Donor,1504,yes,face,0.57,0.071,0.0,0.071,0.0,0.0,0.071,0.0,0.35700000000000004,0.214,0.14300000000000002,0.071,0.071,0.0,0.071,0.0,0.071,0.071,0.0,0.28600000000000003,0.0
157,Renaissance Art,High Renaissance,Leonardo da Vinci,Mona Lisa,1504,yes,face,2.25,0.069,0.011000000000000001,0.138,0.046,0.011000000000000001,0.0,0.057,0.149,0.517,0.276,0.264,0.195,0.034,0.023,0.069,0.0,0.069,0.034,0.563,0.0
158,Renaissance Art,High Renaissance,Leonardo da Vinci,The Virgin of the Rocks,1505,yes,face,1.54,0.154,0.0,0.0,0.077,0.077,0.0,0.154,0.231,0.462,0.385,0.385,0.154,0.077,0.077,0.077,0.0,0.077,0.077,0.385,0.0
159,Renaissance Art,High Renaissance,Giorgione,Madonna and Child with Saints Liberale and Francis (The Castelfranco Madonna),1505,yes,face,0.9,0.1,0.0,0.1,0.2,0.1,0.0,0.0,0.3,0.2,0.3,0.4,0.0,0.2,0.0,0.2,0.0,0.1,0.0,0.8,0.0
160,Renaissance Art,High Renaissance,Giorgione,The Tempest,1505,yes,face,1.8,0.0,0.0,0.1,0.0,0.0,0.0,0.1,0.2,0.5,0.3,0.5,0.0,0.0,0.0,0.1,0.1,0.0,0.1,0.3,0.0
161,Renaissance Art,High Renaissance,Giovanni Bellini,Pieta,1505,yes,face,0.8,0.1,0.0,0.0,0.0,0.0,0.0,0.1,0.3,0.0,0.3,0.4,0.2,0.1,0.2,0.6,0.0,0.0,0.0,0.3,0.0
162,Renaissance Art,High Renaissance,Piero di Cosimo,The Forest Fire,1505,yes,face,1.3,0.1,0.1,0.1,0.0,0.0,0.2,0.4,0.0,0.2,0.2,0.1,0.0,0.1,0.1,0.2,0.0,0.0,0.1,0.2,0.0
163,Renaissance Art,Northern Renaissance,Gerard David,The Angel of the Annunciation,1506,yes,face,2.0,0.0,0.1,0.3,0.0,0.0,0.0,0.2,0.4,0.3,0.3,0.0,0.1,0.0,0.0,0.0,0.0,0.0,0.1,0.8,0.0
164,Renaissance Art,Early Renaissance,Pietro Perugino,Polyptych Annunziata (Assumption of Mary),1506,yes,face,1.8,0.1,0.0,0.1,0.0,0.0,0.0,0.0,0.2,0.3,0.1,0.0,0.1,0.0,0.0,0.0,0.0,0.0,0.1,0.8,0.0
165,Renaissance Art,High Renaissance,Michelangelo,Holy Family with St. John the Baptist,1506,yes,face,1.75,0.0,0.0,0.083,0.0,0.0,0.0,0.0,0.16699999999999998,0.583,0.16699999999999998,0.667,0.16699999999999998,0.0,0.0,0.0,0.0,0.0,0.083,0.5,0.0
166,Renaissance Art,High Renaissance,Andrea Solario,Portrait of Charles d&#39;Amboise,1507,yes,face,0.8,0.0,0.1,0.0,0.4,0.1,0.1,0.0,0.0,0.0,0.2,0.0,0.1,0.0,0.0,0.0,0.0,0.0,0.0,0.6,0.0
167,Renaissance Art,Northern Renaissance,Albrecht Altdorfer,Penitent&#160;St.&#160;Jerome,1507,yes,face,1.0,0.0,0.0,0.3,0.1,0.0,0.0,0.2,0.0,0.4,0.3,0.0,0.3,0.0,0.0,0.1,0.0,0.0,0.3,0.5,0.0
168,Renaissance Art,Northern Renaissance,Albrecht Altdorfer,Nativity,1507,yes,face,0.17,0.0,0.083,0.083,0.083,0.0,0.083,0.41700000000000004,0.0,0.083,0.16699999999999998,0.083,0.16699999999999998,0.16699999999999998,0.083,0.16699999999999998,0.16699999999999998,0.0,0.16699999999999998,0.33299999999999996,0.0
169,Renaissance Art,High Renaissance,Il Sodoma,The Rape of the Sabine Women,1507,yes,face,1.4,0.0,0.2,0.3,0.1,0.0,0.4,0.5,0.0,0.0,0.0,0.0,0.0,0.1,0.1,0.5,0.1,0.0,0.1,0.2,0.0
170,Renaissance Art,Northern Renaissance,Hans Baldung,Altarpiece with The Martyrdom of St. Sebastian,1507,yes,face,0.5,0.16699999999999998,0.0,0.16699999999999998,0.16699999999999998,0.33299999999999996,0.16699999999999998,0.33299999999999996,0.0,0.0,0.0,0.083,0.0,0.083,0.0,0.083,0.16699999999999998,0.0,0.083,0.083,0.0
171,Renaissance Art,Northern Renaissance,Hans Baldung,Witches,1508,yes,face,-0.27,0.0,0.091,0.091,0.0,0.0,0.455,0.455,0.0,0.273,0.0,0.0,0.182,0.0,0.182,0.091,0.182,0.0,0.182,0.091,0.0
172,Renaissance Art,High Renaissance,Michelangelo,Sistine Chapel Ceiling: The Delphic Sibyl,1509,yes,face,1.8,0.0,0.0,0.2,0.3,0.1,0.1,0.0,0.0,0.1,0.3,0.1,0.1,0.1,0.1,0.2,0.0,0.1,0.1,0.9,0.0
173,Renaissance Art,Northern Renaissance,Hans Baldung,An Allegory of Death and Beauty,1509,yes,face,1.9,0.0,0.0,0.2,0.2,0.1,0.0,0.7,0.0,0.0,0.1,0.1,0.1,0.2,0.1,0.3,0.2,0.1,0.0,0.1,0.0
174,Renaissance Art,High Renaissance,Vittore Carpaccio,The Virgin Reading,1510,yes,face,1.4,0.1,0.0,0.2,0.0,0.0,0.0,0.0,0.0,0.6,0.5,0.1,0.3,0.0,0.0,0.0,0.0,0.0,0.1,0.3,0.0
175,Renaissance Art,High Renaissance,Vittore Carpaccio,Portrait of a Knight,1510,yes,face,1.2,0.0,0.0,0.1,0.3,0.1,0.0,0.1,0.1,0.1,0.1,0.0,0.2,0.0,0.0,0.0,0.0,0.0,0.1,0.8,0.0
176,Renaissance Art,Northern Renaissance,Hieronymus Bosch,Christ Crowned with Thorns,1510,yes,face,0.5,0.0,0.2,0.1,0.0,0.3,0.2,0.2,0.2,0.1,0.3,0.1,0.2,0.0,0.0,0.4,0.1,0.0,0.1,0.4,0.0
177,Renaissance Art,High Renaissance,Michelangelo,Sistine Chapel Ceiling: Creation of Adam,1510,yes,face,2.2,0.0,0.0,0.1,0.0,0.0,0.0,0.0,0.2,0.7,0.1,0.6,0.2,0.0,0.0,0.0,0.0,0.0,0.1,0.5,0.0
178,Renaissance Art,High Renaissance,Piero di Cosimo,Perseus Rescuing Andromeda,1510,yes,face,1.0,0.0,0.1,0.2,0.1,0.1,0.0,0.3,0.1,0.1,0.3,0.2,0.1,0.0,0.1,0.2,0.1,0.0,0.1,0.5,0.0
179,Renaissance Art,Northern Renaissance,Gerard David,Portrait of a Goldsmith,1510,yes,face,1.2,0.1,0.0,0.2,0.1,0.1,0.0,0.0,0.2,0.2,0.1,0.0,0.0,0.0,0.0,0.0,0.0,0.0,0.0,0.4,0.0
180,Renaissance Art,High Renaissance,Bartolomeo Veneto,Portrait of a Bearded Gentleman,1510,yes,face,1.64,0.0,0.0,0.091,0.091,0.0,0.0,0.0,0.0,0.455,0.0,0.182,0.364,0.0,0.0,0.0,0.0,0.0,0.0,0.545,0.0
181,Renaissance Art,High Renaissance,Vittore Carpaccio,Portrait of a Venetian Nobleman,1510,yes,face,1.1,0.0,0.1,0.0,0.4,0.0,0.1,0.1,0.2,0.0,0.2,0.0,0.0,0.0,0.0,0.1,0.0,0.0,0.0,0.5,0.0
182,Renaissance Art,Northern Renaissance,Quentin Matsys,Der Kanonikus Stephan Gardiner,1510,yes,face,1.17,0.0,0.0,0.083,0.25,0.0,0.083,0.0,0.0,0.16699999999999998,0.16699999999999998,0.083,0.0,0.0,0.0,0.083,0.0,0.0,0.0,0.41700000000000004,0.0
183,Renaissance Art,High Renaissance,Leonardo da Vinci,Leda,1510,yes,face,2.7,0.0,0.0,0.1,0.0,0.0,0.0,0.0,0.0,0.4,0.1,0.6,0.4,0.0,0.0,0.0,0.2,0.0,0.1,0.3,0.0
184,Renaissance Art,High Renaissance,Bartolomeo Veneto,Beatrice D&#39;Este,1510,yes,face,1.73,0.0,0.0,0.182,0.091,0.0,0.0,0.0,0.091,0.545,0.182,0.182,0.273,0.0,0.0,0.0,0.0,0.0,0.091,0.545,0.0
185,Renaissance Art,High Renaissance,Piero di Cosimo,Maria Magdalena,1510,yes,face,2.2,0.3,0.0,0.0,0.1,0.0,0.0,0.0,0.5,0.3,0.3,0.3,0.0,0.0,0.0,0.3,0.0,0.1,0.0,0.8,0.0
186,Renaissance Art,Northern Renaissance,Quentin Matsys,An Old Woman (The Ugly Duchess),1513,yes,face,-0.7,0.0,0.0,0.1,0.2,0.1,0.6,0.3,0.0,0.0,0.1,0.0,0.0,0.0,0.0,0.1,0.0,0.1,0.0,0.1,0.0
187,Renaissance Art,Northern Renaissance,Albrecht Durer,"The Knight, Death and the Devil",1513,yes,face,0.73,0.0,0.091,0.0,0.273,0.091,0.091,0.636,0.0,0.0,0.0,0.0,0.0,0.273,0.0,0.364,0.091,0.0,0.0,0.091,0.0
188,Renaissance Art,High Renaissance,Raphael,The Sistine Madonna,1513,yes,face,2.2,0.0,0.0,0.0,0.0,0.0,0.0,0.0,0.4,0.9,0.8,0.8,0.4,0.0,0.0,0.0,0.0,0.0,0.0,0.7,0.0
189,Renaissance Art,Northern Renaissance,Quentin Matsys,The Moneylender and His Wife,1514,yes,face,1.9,0.0,0.0,0.2,0.0,0.0,0.0,0.0,0.1,0.3,0.2,0.4,0.3,0.0,0.0,0.1,0.0,0.0,0.0,0.3,0.0
190,Renaissance Art,Northern Renaissance,Bernhard Strigel,Portrait of Louis II of Hungary,1515,yes,face,1.4,0.1,0.1,0.2,0.2,0.0,0.0,0.0,0.0,0.1,0.1,0.0,0.0,0.0,0.0,0.1,0.0,0.0,0.0,0.4,0.0
191,Renaissance Art,Northern Renaissance,Joachim Patinir,The Baptism of Christ,1515,yes,face,1.0,0.1,0.0,0.1,0.0,0.0,0.0,0.0,0.5,0.3,0.4,0.3,0.2,0.0,0.0,0.0,0.0,0.0,0.0,0.5,0.0
192,Renaissance Art,High Renaissance,Correggio,Salvator Mundi,1515,yes,face,0.77,0.077,0.0,0.154,0.231,0.0,0.077,0.154,0.077,0.077,0.231,0.154,0.231,0.154,0.0,0.077,0.0,0.077,0.0,0.308,0.0
193,Renaissance Art,Northern Renaissance,Joachim Patinir,Miracle of St. Catherine,1515,yes,body,1.21,0.042,0.083,0.10400000000000001,0.021,0.125,0.146,0.10400000000000001,0.146,0.45799999999999996,0.16699999999999998,0.083,0.22899999999999998,0.042,0.021,0.042,0.042,0.021,0.10400000000000001,0.396,0.0
194,Renaissance Art,High Renaissance,Giovanni Bellini,Naked young woman in front of the mirror,1515,yes,face,2.0,0.2,0.0,0.1,0.1,0.0,0.0,0.0,0.1,0.4,0.2,0.2,0.1,0.0,0.0,0.1,0.0,0.1,0.0,0.6,0.0
195,Renaissance Art,Northern Renaissance,Bernhard Strigel,Portrait of Georg Tannstetter (Collimitius),1515,yes,face,1.17,0.07200000000000001,0.048,0.10800000000000001,0.193,0.048,0.07200000000000001,0.024,0.084,0.096,0.10800000000000001,0.012,0.205,0.024,0.012,0.06,0.012,0.036000000000000004,0.048,0.578,0.012
196,Renaissance Art,Northern Renaissance,Hans Baldung,Beheading of St.&#160;Dorothea,1516,yes,face,1.7,0.1,0.1,0.0,0.1,0.1,0.3,0.8,0.2,0.1,0.1,0.3,0.1,0.2,0.1,0.6,0.4,0.0,0.1,0.4,0.0
197,Renaissance Art,Northern Renaissance,Jerg Ratgeb,Martyrdom of the Carmelites,1517,yes,face,0.7,0.0,0.1,0.1,0.1,0.4,0.0,0.5,0.0,0.0,0.0,0.0,0.0,0.1,0.1,0.5,0.3,0.0,0.1,0.2,0.0
198,Renaissance Art,High Renaissance,Correggio,"Four Saints (from left St. Peter, St. Martha, St. Mary Magdalene, St. Leonard)",1517,yes,face,1.1,0.1,0.0,0.2,0.0,0.0,0.1,0.0,0.4,0.1,0.5,0.2,0.2,0.0,0.0,0.0,0.0,0.0,0.0,0.5,0.0
199,Renaissance Art,High Renaissance,Il Sodoma,The Marriage of Alexander and Roxanne,1517,yes,face,2.09,0.091,0.0,0.0,0.091,0.091,0.0,0.0,0.182,0.636,0.273,0.273,0.091,0.091,0.0,0.0,0.0,0.091,0.0,0.273,0.0
200,Renaissance Art,Northern Renaissance,Jerg Ratgeb,Scenes from the Life of Prophet Elijah,1517,yes,face,0.9,0.0,0.0,0.2,0.0,0.0,0.1,0.3,0.0,0.2,0.4,0.0,0.1,0.1,0.1,0.3,0.1,0.0,0.1,0.6,0.0
201,Renaissance Art,Northern Renaissance,Jerg Ratgeb,The Carmelites and King St. Louis in 1248,1517,yes,face,0.73,0.182,0.0,0.182,0.0,0.0,0.091,0.182,0.091,0.273,0.182,0.0,0.182,0.0,0.0,0.0,0.0,0.0,0.091,0.455,0.0
202,Renaissance Art,High Renaissance,Andrea del Sarto,Charity,1518,yes,face,1.61,0.052000000000000005,0.013000000000000001,0.039,0.013000000000000001,0.026000000000000002,0.052000000000000005,0.026000000000000002,0.33799999999999997,0.442,0.39,0.649,0.182,0.013000000000000001,0.039,0.156,0.026000000000000002,0.052000000000000005,0.065,0.377,0.0
203,Renaissance Art,Northern Renaissance,Jerg Ratgeb,Flagellation of Christ,1519,yes,face,1.17,0.0,0.25,0.16699999999999998,0.0,0.0,0.16699999999999998,0.5,0.0,0.0,0.0,0.083,0.0,0.16699999999999998,0.083,0.667,0.5,0.0,0.083,0.083,0.0
204,Renaissance Art,Northern Renaissance,Jerg Ratgeb,The Last Supper,1519,yes,face,1.7,0.2,0.0,0.2,0.1,0.0,0.0,0.1,0.2,0.2,0.4,0.3,0.3,0.1,0.0,0.0,0.0,0.0,0.1,0.9,0.0
205,Renaissance Art,Northern Renaissance,Jerg Ratgeb,Resurrection of Christ,1519,yes,face,2.4,0.1,0.0,0.1,0.0,0.1,0.0,0.1,0.1,0.3,0.2,0.0,0.3,0.0,0.0,0.1,0.0,0.0,0.2,0.8,0.0
206,Renaissance Art,Northern Renaissance,Joachim Patinir,St. Jerome in Rocky Landscape,1520,yes,face,1.64,0.0,0.0,0.0,0.091,0.0,0.091,0.091,0.0,0.364,0.182,0.0,0.091,0.091,0.0,0.273,0.0,0.0,0.0,0.273,0.0
207,Renaissance Art,Northern Renaissance,Joachim Patinir,Landscape with St. Christopher,1520,yes,face,1.3,0.2,0.0,0.1,0.0,0.0,0.0,0.0,0.0,0.4,0.5,0.3,0.2,0.1,0.0,0.0,0.0,0.0,0.0,0.2,0.0
208,Renaissance Art,High Renaissance,Andrea Solario,Salome with the head of John the Baptist,1520,yes,face,1.3,0.0,0.0,0.0,0.1,0.0,0.3,0.4,0.0,0.0,0.0,0.0,0.0,0.1,0.0,0.5,0.2,0.0,0.0,0.1,0.0
209,Renaissance Art,Northern Renaissance,Bernhard Strigel,Portrait of the Cuspinian Family,1520,yes,face,1.1,0.2,0.0,0.1,0.1,0.0,0.1,0.0,0.2,0.4,0.3,0.3,0.0,0.1,0.1,0.0,0.0,0.0,0.1,0.5,0.0
210,Renaissance Art,Northern Renaissance,Joachim Patinir,Landscape with the destruction of Sodom and Gomorrah,1520,yes,none,0.69,0.077,0.231,0.077,0.077,0.308,0.308,0.385,0.154,0.154,0.154,0.077,0.077,0.231,0.077,0.308,0.154,0.077,0.154,0.154,0.0
211,Renaissance Art,Northern Renaissance,Bernhard Strigel,Portrait of a Gentleman,1520,yes,face,1.4,0.2,0.1,0.1,0.1,0.0,0.0,0.0,0.1,0.1,0.3,0.0,0.0,0.0,0.0,0.1,0.0,0.0,0.0,0.4,0.1
212,Renaissance Art,High Renaissance,Bartolomeo Veneto,Flora,1520,yes,face,1.2,0.4,0.0,0.2,0.3,0.0,0.0,0.0,0.1,0.3,0.1,0.3,0.1,0.0,0.0,0.0,0.0,0.0,0.0,0.5,0.0
213,Renaissance Art,Northern Renaissance,Jan Provoost,"Abraham, Sara and an Angel",1520,yes,face,1.7,0.1,0.0,0.1,0.0,0.0,0.0,0.0,0.1,0.2,0.3,0.2,0.2,0.0,0.0,0.0,0.0,0.0,0.1,0.5,0.0
214,Renaissance Art,High Renaissance,Dosso Dossi,Aeneas and Achates on the Libyan Coast,1520,yes,face,2.2,0.0,0.0,0.2,0.0,0.0,0.0,0.0,0.1,0.5,0.0,0.0,0.5,0.0,0.0,0.0,0.0,0.0,0.1,0.6,0.0
215,Renaissance Art,Northern Renaissance,Hans Holbein the Younger,The Body of the Dead Christ in the Tomb,1521,yes,face,0.6,0.1,0.0,0.1,0.0,0.1,0.1,0.2,0.4,0.1,0.1,0.1,0.0,0.2,0.1,0.4,0.2,0.0,0.0,0.3,0.0
216,Renaissance Art,Northern Renaissance,Cristovao de Figueiredo,Deposi&#231;&#227;o no T&#250;mulo,1521,yes,face,0.27,0.0,0.0,0.091,0.0,0.0,0.0,0.273,0.0,0.0,0.0,0.0,0.0,0.091,0.182,0.818,0.091,0.0,0.182,0.182,0.0
217,Renaissance Art,High Renaissance,Lorenzo Lotto,Madonna with St. Roch and St. Sebastian,1522,yes,face,1.64,0.071,0.0,0.071,0.0,0.0,0.0,0.071,0.14300000000000002,0.35700000000000004,0.14300000000000002,0.429,0.071,0.0,0.0,0.0,0.0,0.0,0.0,0.35700000000000004,0.0
218,Renaissance Art,High Renaissance,Pietro Perugino,Madonna delle Grazie,1522,yes,face,1.4,0.0,0.0,0.2,0.0,0.0,0.0,0.0,0.2,0.5,0.2,0.2,0.2,0.0,0.0,0.1,0.0,0.1,0.1,0.5,0.0
219,Renaissance Art,High Renaissance,Dosso Dossi,Allegory of Music,1522,yes,face,1.13,0.048,0.016,0.177,0.048,0.032,0.048,0.016,0.065,0.597,0.145,0.242,0.161,0.0,0.016,0.048,0.048,0.032,0.113,0.19399999999999998,0.0
220,Renaissance Art,Northern Renaissance,Lucas Cranach the Elder,Portrait of Martin Luther as an Augustinian Monk,1523,yes,face,0.86,0.071,0.071,0.14300000000000002,0.071,0.071,0.071,0.071,0.071,0.28600000000000003,0.28600000000000003,0.214,0.14300000000000002,0.071,0.071,0.14300000000000002,0.071,0.071,0.071,0.5,0.0
221,Renaissance Art,Northern Renaissance,Hans Holbein the Younger,Portrait of Erasmus of Rotterdam,1523,yes,face,1.3,0.1,0.0,0.1,0.2,0.1,0.0,0.0,0.1,0.0,0.1,0.0,0.2,0.0,0.0,0.1,0.0,0.0,0.1,0.6,0.0
222,Renaissance Art,High Renaissance,Andrea del Sarto,St. John the Baptist,1523,yes,face,1.57,0.0,0.0,0.14300000000000002,0.0,0.0,0.0,0.0,0.0,0.071,0.214,0.14300000000000002,0.35700000000000004,0.0,0.0,0.071,0.0,0.0,0.071,0.643,0.0
223,Renaissance Art,High Renaissance,Dosso Dossi,Bacchus,1524,yes,face,1.9,0.0,0.3,0.2,0.1,0.1,0.0,0.2,0.1,0.1,0.0,0.0,0.2,0.1,0.0,0.2,0.0,0.0,0.1,0.3,0.0
224,Renaissance Art,High Renaissance,Lorenzo Lotto,"Frescoes in the Oratory Suardi in Trescore, scene of the blessing of St. Brigid of Kildare",1524,yes,face,1.8,0.0,0.0,0.1,0.0,0.0,0.0,0.0,0.0,0.7,0.4,0.1,0.4,0.0,0.0,0.0,0.0,0.0,0.1,0.6,0.0
225,Renaissance Art,Northern Renaissance,Hans Baldung,Adam and Eve,1524,yes,face,1.6,0.0,0.0,0.1,0.1,0.0,0.0,0.0,0.0,0.4,0.2,0.4,0.0,0.0,0.1,0.1,0.0,0.0,0.1,0.6,0.0
226,Renaissance Art,High Renaissance,Dosso Dossi,Apollo and Daphne,1524,yes,face,2.4,0.0,0.0,0.1,0.0,0.0,0.0,0.0,0.1,0.4,0.0,0.3,0.1,0.0,0.0,0.2,0.0,0.0,0.0,0.3,0.0
227,Renaissance Art,Northern Renaissance,Cristovao de Figueiredo,Tr&#226;nsito da virgem,1525,yes,face,1.3,0.0,0.0,0.0,0.0,0.0,0.0,0.2,0.2,0.1,0.0,0.0,0.0,0.1,0.1,0.8,0.0,0.0,0.0,0.3,0.0
228,Renaissance Art,Northern Renaissance,Quentin Matsys,Ill-matched Lovers,1525,yes,face,0.08,0.083,0.083,0.083,0.16699999999999998,0.16699999999999998,0.16699999999999998,0.25,0.083,0.25,0.25,0.33299999999999996,0.25,0.083,0.083,0.0,0.16699999999999998,0.083,0.0,0.25,0.0
229,Renaissance Art,Northern Renaissance,Hans Holbein the Younger,The Passion,1525,yes,face,1.5,0.1,0.1,0.0,0.2,0.2,0.1,0.5,0.0,0.0,0.0,0.0,0.0,0.0,0.1,0.4,0.2,0.0,0.0,0.3,0.0
230,Renaissance Art,High Renaissance,Lorenzo Lotto,The Angel of the Annunciation,1527,yes,face,1.5,0.0,0.0,0.1,0.0,0.0,0.1,0.0,0.4,0.4,0.3,0.2,0.2,0.0,0.0,0.0,0.0,0.0,0.1,0.8,0.0
231,Renaissance Art,Northern Renaissance,Hans Holbein the Younger,Portrait of Sir Thomas More,1527,yes,face,0.5,0.0,0.083,0.083,0.33299999999999996,0.0,0.0,0.083,0.083,0.16699999999999998,0.0,0.0,0.0,0.0,0.0,0.0,0.0,0.0,0.0,0.583,0.0
232,Renaissance Art,Northern Renaissance,Lucas Cranach the Elder,Adam and Eve,1528,yes,face,1.7,0.0,0.0,0.0,0.1,0.1,0.0,0.1,0.0,0.6,0.1,0.5,0.1,0.1,0.0,0.0,0.0,0.1,0.0,0.2,0.0
233,Renaissance Art,Northern Renaissance,Lucas Cranach the Elder,Stag Hunt of Elector Friedrich III the Wise,1529,yes,face,0.4,0.0,0.1,0.1,0.0,0.1,0.1,0.4,0.0,0.4,0.1,0.0,0.1,0.0,0.0,0.1,0.0,0.0,0.1,0.4,0.0
234,Renaissance Art,Northern Renaissance,Albrecht Altdorfer,The battle of Issus,1529,yes,body,0.2,0.0,0.4,0.0,0.3,0.1,0.5,0.6,0.0,0.0,0.0,0.0,0.0,0.1,0.1,0.2,0.0,0.0,0.0,0.3,0.0
235,Renaissance Art,Northern Renaissance,Cristovao de Figueiredo,Exalta&#231;&#227;o da Santa Cruz,1530,yes,face,0.75,0.0,0.0,0.125,0.063,0.063,0.063,0.063,0.063,0.063,0.063,0.0,0.188,0.0,0.0,0.0,0.063,0.063,0.063,0.625,0.0
236,Renaissance Art,High Renaissance,Lorenzo Lotto,Triumph of Chastity,1530,yes,face,2.0,0.182,0.091,0.182,0.091,0.0,0.0,0.091,0.091,0.182,0.364,0.273,0.182,0.0,0.0,0.091,0.091,0.0,0.091,0.455,0.0
237,Renaissance Art,Northern Renaissance,Hans Baldung,Portrait of a Lady,1530,yes,face,1.9,0.0,0.0,0.1,0.1,0.0,0.0,0.0,0.0,0.5,0.1,0.2,0.4,0.0,0.0,0.0,0.0,0.1,0.1,0.4,0.0
238,Renaissance Art,Northern Renaissance,Cristovao de Figueiredo,Cristo deposto da cruz,1530,yes,face,0.74,0.013000000000000001,0.0,0.026000000000000002,0.026000000000000002,0.026000000000000002,0.078,0.182,0.13,0.039,0.11699999999999999,0.14300000000000002,0.052000000000000005,0.078,0.299,0.818,0.26,0.026000000000000002,0.026000000000000002,0.195,0.0
239,Renaissance Art,Northern Renaissance,Cristovao de Figueiredo,Mart&#237;rio de Santo Andr&#233;,1530,yes,face,1.0,0.091,0.091,0.091,0.0,0.0,0.0,0.545,0.0,0.091,0.182,0.0,0.0,0.0,0.091,0.818,0.182,0.0,0.0,0.0,0.0
240,Renaissance Art,High Renaissance,Bartolomeo Veneto,Portrait of a Lady in a Green Dress,1530,yes,face,1.6,0.0,0.2,0.2,0.4,0.0,0.0,0.0,0.2,0.3,0.3,0.1,0.2,0.0,0.1,0.2,0.0,0.0,0.1,0.7,0.0
241,Renaissance Art,Northern Renaissance,Cristovao de Figueiredo,Tr&#237;ptico da Paix&#227;o de Cristo,1530,yes,face,0.91,0.015,0.06,0.03,0.045,0.03,0.075,0.149,0.11900000000000001,0.10400000000000001,0.209,0.06,0.075,0.045,0.11900000000000001,0.507,0.179,0.015,0.045,0.418,0.0
242,Renaissance Art,Northern Renaissance,Lucas Cranach the Elder,"Electors of Saxony: Friedrich the Wise, Johann the Steadfast and Johann Friedrich the Magnanimous",1532,yes,face,0.6,0.1,0.1,0.4,0.0,0.0,0.1,0.0,0.0,0.1,0.1,0.0,0.3,0.0,0.0,0.0,0.0,0.0,0.1,0.7,0.1
243,Renaissance Art,High Renaissance,Lorenzo Lotto,Virgin and Child with Two Donors,1533,yes,face,2.1,0.0,0.0,0.0,0.0,0.1,0.0,0.1,0.2,0.4,0.3,0.7,0.0,0.0,0.1,0.2,0.1,0.0,0.1,0.2,0.0
244,Renaissance Art,High Renaissance,Il Sodoma,Piet&#224;,1533,yes,face,0.5,0.0,0.0,0.0,0.0,0.0,0.1,0.2,0.1,0.0,0.0,0.0,0.0,0.2,0.2,0.8,0.4,0.0,0.0,0.1,0.0
245,Renaissance Art,Northern Renaissance,Hans Holbein the Younger,Portrait of Thomas Cromwell,1533,yes,face,1.0,0.0,0.091,0.091,0.273,0.0,0.0,0.0,0.0,0.182,0.091,0.091,0.273,0.091,0.0,0.0,0.0,0.0,0.0,0.455,0.0
246,Renaissance Art,Northern Renaissance,Hans Holbein the Younger,The Ambassadors,1533,yes,face,2.1,0.0,0.0,0.3,0.0,0.0,0.0,0.0,0.2,0.4,0.0,0.0,0.4,0.0,0.0,0.0,0.0,0.0,0.1,0.8,0.0
247,Renaissance Art,High Renaissance,Correggio,Noli Me Tangere,1534,yes,face,2.4,0.0,0.0,0.1,0.0,0.0,0.0,0.0,0.2,0.4,0.5,0.4,0.1,0.0,0.1,0.1,0.0,0.0,0.0,0.6,0.0
248,Renaissance Art,High Renaissance,Lorenzo Lotto,The Annunciation,1534,yes,face,1.64,0.091,0.0,0.273,0.0,0.091,0.0,0.182,0.0,0.545,0.273,0.0,0.0,0.091,0.182,0.182,0.091,0.091,0.091,0.182,0.0
249,Renaissance Art,Northern Renaissance,Hans Holbein the Younger,"Portrait of a Lady, thought to be Anne Boleyn",1534,yes,face,1.7,0.3,0.0,0.1,0.1,0.0,0.0,0.0,0.0,0.5,0.4,0.0,0.2,0.0,0.0,0.1,0.0,0.0,0.0,0.4,0.0
250,Renaissance Art,Northern Renaissance,Hans Holbein the Younger,"Portrait of Henry VIII, King of England",1535,yes,face,1.3,0.1,0.0,0.0,0.4,0.0,0.1,0.0,0.2,0.1,0.2,0.1,0.2,0.1,0.1,0.1,0.0,0.0,0.0,0.8,0.0
251,Renaissance Art,Northern Renaissance,Jan van Hemessen,Parable of the Prodigal Son,1536,yes,face,1.83,0.0,0.0,0.33299999999999996,0.0,0.0,0.0,0.0,0.0,0.833,0.16699999999999998,0.25,0.083,0.0,0.0,0.0,0.0,0.0,0.25,0.25,0.0
252,Renaissance Art,High Renaissance,Ticiano Vecellio,Venus of Urbino,1538,yes,face,1.5,0.0,0.0,0.0,0.2,0.0,0.0,0.0,0.0,0.6,0.2,0.2,0.2,0.0,0.0,0.0,0.0,0.1,0.0,0.3,0.0
253,Renaissance Art,Northern Renaissance,Hans Baldung,Three Ages of Man and Three Graces,1539,yes,face,1.0,0.0,0.1,0.2,0.0,0.0,0.2,0.3,0.0,0.1,0.0,0.1,0.2,0.4,0.1,0.2,0.1,0.0,0.2,0.3,0.0
254,Renaissance Art,Northern Renaissance,Jan van Hemessen,A Merry Company,1540,yes,face,0.6,0.1,0.2,0.1,0.0,0.1,0.3,0.1,0.1,0.2,0.0,0.0,0.0,0.0,0.1,0.2,0.4,0.0,0.0,0.1,0.0
255,Renaissance Art,Northern Renaissance,Lucas Cranach the Elder,Hunt in Honour of Charles V at the Castle of Torgau,1544,yes,body,0.9,0.0,0.1,0.2,0.1,0.1,0.0,0.1,0.0,0.2,0.0,0.0,0.1,0.1,0.1,0.3,0.0,0.0,0.0,0.1,0.0
256,Renaissance Art,Northern Renaissance,Jan van Hemessen,Allegorical Scene,1550,yes,face,1.59,0.039,0.013000000000000001,0.158,0.013000000000000001,0.013000000000000001,0.026000000000000002,0.066,0.145,0.408,0.25,0.684,0.105,0.026000000000000002,0.11800000000000001,0.19699999999999998,0.026000000000000002,0.079,0.039,0.21100000000000002,0.0
257,Renaissance Art,Northern Renaissance,Pieter Aertsen,The Egg Dance,1552,yes,face,1.9,0.0,0.0,0.1,0.0,0.0,0.0,0.0,0.0,0.8,0.2,0.0,0.3,0.0,0.0,0.0,0.0,0.0,0.1,0.2,0.0
258,Renaissance Art,Northern Renaissance,Jan van Hemessen,Christ Carrying The Cross,1553,yes,face,1.3,0.1,0.0,0.0,0.1,0.0,0.1,0.3,0.1,0.1,0.1,0.1,0.0,0.2,0.0,0.7,0.3,0.0,0.0,0.1,0.0
259,Renaissance Art,Northern Renaissance,Pieter Aertsen,Market with Christ and the Woman Taken in Adultery,1559,yes,face,0.7,0.1,0.1,0.2,0.0,0.1,0.1,0.1,0.0,0.3,0.1,0.0,0.0,0.1,0.2,0.4,0.2,0.0,0.1,0.0,0.0
260,Renaissance Art,Northern Renaissance,Pieter Aertsen,Cook in front of the Stove,1559,yes,face,1.36,0.0,0.0,0.091,0.091,0.0,0.0,0.091,0.091,0.091,0.545,0.0,0.364,0.0,0.0,0.0,0.0,0.0,0.091,0.455,0.0
261,Renaissance Art,Northern Renaissance,Pieter Bruegel the Elder,Netherlandish Proverbs,1559,yes,face,0.5,0.0,0.0,0.3,0.0,0.0,0.1,0.1,0.1,0.3,0.4,0.1,0.1,0.1,0.0,0.1,0.0,0.0,0.1,0.0,0.0
262,Renaissance Art,Northern Renaissance,Pieter Bruegel the Elder,The Fight between Carnival and Lent,1559,yes,face,0.55,0.091,0.091,0.091,0.091,0.182,0.0,0.273,0.091,0.636,0.273,0.091,0.182,0.091,0.091,0.091,0.182,0.091,0.0,0.091,0.0
263,Renaissance Art,Northern Renaissance,Pieter Bruegel the Elder,Landscape with the Fall of Icarus,1560,yes,face,1.73,0.0,0.0,0.0,0.0,0.0,0.0,0.091,0.0,0.545,0.636,0.0,0.0,0.0,0.0,0.091,0.091,0.0,0.0,0.364,0.0
264,Renaissance Art,Northern Renaissance,Pieter Bruegel the Elder,The Gloomy Day (January),1565,yes,body,1.3,0.0,0.0,0.1,0.0,0.0,0.0,0.2,0.0,0.2,0.3,0.0,0.2,0.4,0.0,0.4,0.0,0.0,0.1,0.3,0.0
265,Renaissance Art,Northern Renaissance,Pieter Bruegel the Elder,Hunters in the Snow,1565,yes,body,1.1,0.1,0.1,0.4,0.0,0.1,0.1,0.3,0.1,0.3,0.2,0.1,0.3,0.0,0.0,0.1,0.1,0.1,0.1,0.1,0.0
266,Renaissance Art,Northern Renaissance,Pieter Aertsen,Market woman at a vegetable stand,1567,yes,face,1.5,0.071,0.0,0.071,0.0,0.071,0.071,0.0,0.14300000000000002,0.5710000000000001,0.35700000000000004,0.0,0.14300000000000002,0.071,0.0,0.0,0.0,0.071,0.0,0.0,0.0
267,Renaissance Art,Northern Renaissance,Pieter Bruegel the Elder,Parable of the Blind,1568,yes,face,1.9,0.0,0.1,0.1,0.0,0.1,0.1,0.4,0.0,0.0,0.3,0.0,0.2,0.2,0.0,0.3,0.0,0.0,0.0,0.0,0.0
268,Renaissance Art,Northern Renaissance,Pieter Bruegel the Elder,The Magpie on the Gallows,1568,yes,body,1.42,0.083,0.0,0.41700000000000004,0.0,0.0,0.0,0.33299999999999996,0.083,0.41700000000000004,0.33299999999999996,0.0,0.0,0.083,0.16699999999999998,0.083,0.0,0.0,0.16699999999999998,0.0,0.0
269,Renaissance Art,Northern Renaissance,Maarten de Vos,"Portrait of Gillis Hooftman, Shipowner, and His Wife Margaretha Van Nispen",1570,yes,face,1.58,0.0,0.0,0.16699999999999998,0.16699999999999998,0.083,0.083,0.083,0.083,0.083,0.16699999999999998,0.083,0.16699999999999998,0.083,0.083,0.083,0.083,0.0,0.0,0.5,0.0
270,Renaissance Art,Northern Renaissance,Nicholas Hilliard,Queen Elizabeth I,1572,yes,face,1.2,0.1,0.0,0.2,0.2,0.0,0.0,0.0,0.0,0.1,0.0,0.0,0.1,0.0,0.0,0.0,0.0,0.0,0.1,0.9,0.0
271,Renaissance Art,Northern Renaissance,Nicholas Hilliard,Elizabeth I - The Pelican Portrait,1575,yes,face,1.64,0.0,0.0,0.091,0.364,0.0,0.0,0.0,0.091,0.182,0.091,0.091,0.273,0.0,0.0,0.0,0.0,0.0,0.091,0.455,0.091
272,Renaissance Art,Northern Renaissance,Pieter Aertsen,Deeds of Christian Charity,1575,yes,face,0.0,0.1,0.0,0.2,0.2,0.0,0.1,0.0,0.2,0.4,0.3,0.1,0.0,0.0,0.0,0.1,0.1,0.0,0.0,0.1,0.0
273,Renaissance Art,Northern Renaissance,Nicholas Hilliard,"Robert Dudley, 1st Earl of Leicester",1576,yes,face,1.18,0.182,0.0,0.091,0.182,0.0,0.0,0.0,0.0,0.0,0.0,0.0,0.091,0.0,0.0,0.0,0.0,0.0,0.0,0.727,0.091
274,Renaissance Art,Northern Renaissance,Maarten de Vos,Nativity,1577,yes,face,2.0,0.077,0.0,0.077,0.0,0.0,0.0,0.0,0.077,0.385,0.462,0.385,0.385,0.0,0.0,0.077,0.0,0.0,0.0,0.308,0.0
275,Renaissance Art,Northern Renaissance,Maarten de Vos,"Portrait of Antonius Anselmus, His Wife and Their Children",1577,yes,face,1.8,0.0,0.0,0.1,0.0,0.0,0.0,0.1,0.2,0.9,0.2,0.9,0.1,0.0,0.0,0.0,0.0,0.0,0.0,0.2,0.0
276,Renaissance Art,Northern Renaissance,Nicholas Hilliard,"Francis Bacon, Viscount St Alban",1578,yes,face,0.5,0.0,0.1,0.0,0.3,0.0,0.0,0.0,0.0,0.3,0.1,0.0,0.1,0.0,0.0,0.0,0.0,0.0,0.0,0.7,0.0
281,Renaissance Art,Northern Renaissance,Nicholas Hilliard,Sir Walter Ralegh,1585,yes,face,1.5,0.0,0.0,0.0,0.3,0.0,0.0,0.0,0.0,0.2,0.1,0.0,0.0,0.0,0.0,0.0,0.0,0.0,0.0,0.6,0.0
282,Renaissance Art,Northern Renaissance,Maarten de Vos,The Family of St Anne,1585,yes,face,2.27,0.0,0.0,0.0,0.0,0.0,0.0,0.0,0.091,0.727,0.273,1.0,0.364,0.0,0.0,0.0,0.0,0.0,0.0,0.364,0.0
284,Renaissance Art,Northern Renaissance,Nicholas Hilliard,Sir Christopher Hatton,1588,yes,face,1.2,0.0,0.1,0.0,0.4,0.0,0.0,0.0,0.1,0.2,0.1,0.0,0.1,0.0,0.0,0.0,0.0,0.0,0.0,0.5,0.0
286,Renaissance Art,Northern Renaissance,Maarten de Vos,Seven Liberal Arts,1590,yes,face,1.5,0.2,0.0,0.2,0.1,0.0,0.0,0.0,0.2,0.7,0.2,0.2,0.2,0.0,0.0,0.0,0.0,0.0,0.0,0.5,0.0
288,Renaissance Art,Northern Renaissance,Maarten de Vos,The Rape of Europa,1590,yes,face,1.36,0.091,0.091,0.273,0.273,0.0,0.091,0.0,0.0,0.182,0.091,0.273,0.0,0.091,0.182,0.273,0.273,0.0,0.182,0.273,0.0
304,Renaissance Art,Northern Renaissance,Joachim Wtewael,Martyrdom of St. Sebastian,1600,yes,face,1.7,0.1,0.1,0.1,0.0,0.1,0.0,0.4,0.1,0.3,0.0,0.3,0.2,0.1,0.0,0.4,0.1,0.0,0.1,0.3,0.0
312,Renaissance Art,Northern Renaissance,Joachim Wtewael,Kitchen Scene,1605,yes,face,0.8,0.111,0.0,0.0,0.0,0.0,0.0,0.0,0.33299999999999996,0.667,0.556,0.111,0.222,0.0,0.0,0.0,0.0,0.0,0.0,0.0,0.0
315,Renaissance Art,Northern Renaissance,Jan Provoost,The Martyrdom of St. Catherine,1607,yes,face,1.6,0.1,0.1,0.0,0.1,0.1,0.1,0.4,0.0,0.1,0.2,0.1,0.0,0.2,0.1,0.6,0.5,0.0,0.0,0.3,0.0
322,Renaissance Art,Northern Renaissance,Joachim Wtewael,Perseus Rescuing Andromeda,1611,yes,face,1.83,0.0,0.16699999999999998,0.25,0.083,0.083,0.0,0.16699999999999998,0.25,0.16699999999999998,0.083,0.41700000000000004,0.33299999999999996,0.0,0.0,0.0,0.0,0.0,0.16699999999999998,0.667,0.0
355,Renaissance Art,Northern Renaissance,Joachim Wtewael,Adoration by the Shepherds,1625,yes,face,1.6,0.0,0.0,0.1,0.0,0.0,0.0,0.0,0.4,0.8,0.2,0.5,0.2,0.0,0.0,0.0,0.0,0.0,0.1,0.6,0.0
