,Style,Category,Artist,Title,Year,Is painting,Face or body,Mean rating,Agreeableness,Anger,Anticipation,Arrogance,Disagreeableness,Disgust,Fear,Gratitude,Happiness,Humility,Love,Optimism,Pessimism,Regret,Sadness,Shame,Shyness,Surprise,Trust,Neutral,withChrist
2378,Contemporary Art,Minimalism,Francois Morellet,32 rectangles,1953,yes,none,0.2,0.1,0.1,0.2,0.0,0.0,0.2,0.0,0.0,0.1,0.0,0.0,0.1,0.0,0.0,0.0,0.0,0.0,0.3,0.0,0.1,no
2383,Contemporary Art,Minimalism,Herbert Zangs,gro&#223;e kn&#252;pfung,1953,no,none,-0.9,0.1,0.0,0.4,0.0,0.0,0.0,0.1,0.0,0.1,0.2,0.0,0.2,0.0,0.0,0.1,0.0,0.1,0.3,0.1,0.1,no
2389,Contemporary Art,Minimalism,Herbert Zangs,untitled,1953,yes,none,0.2,0.0,0.0,0.5,0.0,0.0,0.1,0.1,0.0,0.0,0.1,0.0,0.0,0.0,0.0,0.0,0.0,0.0,0.5,0.2,0.1,no
2439,Contemporary Art,Minimalism,Herbert Zangs,peinture-relief,1955,yes,none,-0.8,0.0,0.0,0.3,0.0,0.0,0.1,0.0,0.0,0.0,0.2,0.0,0.1,0.0,0.0,0.1,0.0,0.0,0.3,0.0,0.1,no
2443,Contemporary Art,Minimalism,Myron Stout,untitled,1955,yes,none,-0.2,0.0,0.0,0.3,0.0,0.0,0.3,0.0,0.0,0.1,0.0,0.1,0.0,0.0,0.0,0.0,0.0,0.0,0.4,0.0,0.0,no
2452,Contemporary Art,Minimalism,Herbert Zangs,folding,1955,yes,none,0.08,0.0,0.0,0.16699999999999998,0.0,0.083,0.33299999999999996,0.0,0.0,0.0,0.083,0.0,0.0,0.0,0.0,0.0,0.083,0.0,0.25,0.083,0.083,no
2461,Contemporary Art,Minimalism,Myron Stout,untitled #5 (2-17-55),1955,yes,none,-0.63,0.0,0.03,0.134,0.0,0.03,0.10400000000000001,0.11900000000000001,0.0,0.045,0.09,0.0,0.06,0.045,0.0,0.134,0.015,0.045,0.478,0.03,0.06,no
2471,Contemporary Art,Minimalism,Robert Ryman,untitled (orange painting),1955,yes,none,0.09,0.0,0.0,0.273,0.0,0.0,0.0,0.0,0.0,0.091,0.091,0.0,0.273,0.091,0.091,0.182,0.0,0.0,0.273,0.091,0.091,no
2488,Contemporary Art,Minimalism,Yves Klein,untitled pink monochrome,1956,yes,none,-1.1,0.0,0.1,0.4,0.0,0.1,0.0,0.0,0.0,0.0,0.0,0.3,0.0,0.0,0.0,0.0,0.0,0.0,0.3,0.1,0.0,no
2543,Contemporary Art,Minimalism,Yves Klein,untitled white monochrome,1957,yes,none,-0.27,0.0,0.0,0.091,0.0,0.0,0.091,0.0,0.091,0.091,0.273,0.0,0.091,0.0,0.0,0.0,0.0,0.091,0.273,0.0,0.091,no
2577,Contemporary Art,Minimalism,Herbert Zangs,untitled,1958,yes,none,0.09,0.0,0.0,0.364,0.0,0.091,0.091,0.182,0.0,0.0,0.091,0.0,0.091,0.0,0.0,0.182,0.0,0.0,0.455,0.182,0.0,no
2583,Contemporary Art,Minimalism,Piero Manzoni,achrome,1958,yes,none,-0.5,0.0,0.0,0.5,0.0,0.0,0.1,0.1,0.0,0.2,0.1,0.0,0.1,0.0,0.0,0.0,0.0,0.0,0.5,0.2,0.1,no
2614,Contemporary Art,Minimalism,Frank Stella,the marriage of reason and squalor,1959,yes,none,-0.67,0.0,0.083,0.16699999999999998,0.0,0.16699999999999998,0.16699999999999998,0.083,0.0,0.25,0.083,0.16699999999999998,0.083,0.16699999999999998,0.0,0.0,0.0,0.0,0.41700000000000004,0.0,0.0,no
2632,Contemporary Art,Minimalism,Frank Stella,die fahne hoch!,1959,yes,none,-0.09,0.0,0.091,0.182,0.091,0.182,0.091,0.091,0.091,0.091,0.091,0.0,0.0,0.091,0.0,0.091,0.0,0.091,0.545,0.091,0.0,no
2635,Contemporary Art,Minimalism,Antonio Calderara,spazio luce,1959,yes,none,0.07,0.0,0.0,0.28600000000000003,0.0,0.071,0.214,0.0,0.0,0.071,0.0,0.071,0.0,0.0,0.071,0.071,0.0,0.14300000000000002,0.28600000000000003,0.071,0.14300000000000002,no
2645,Contemporary Art,Minimalism,James Lee Byars,self-portrait,1959,yes,none,0.0,0.0,0.0,0.2,0.0,0.1,0.0,0.0,0.0,0.0,0.1,0.0,0.0,0.3,0.0,0.2,0.0,0.0,0.5,0.0,0.1,no
2647,Contemporary Art,Minimalism,Yves Klein,untitled blue monochrome,1959,yes,none,0.45,0.091,0.0,0.273,0.0,0.0,0.364,0.0,0.0,0.182,0.091,0.0,0.0,0.0,0.0,0.0,0.0,0.0,0.364,0.182,0.0,no
2659,Contemporary Art,Minimalism,Ruth Vollmer,untitled,1959,no,none,-1.27,0.0,0.091,0.455,0.0,0.0,0.273,0.182,0.0,0.0,0.0,0.0,0.0,0.091,0.0,0.0,0.0,0.0,0.182,0.0,0.091,no
2660,Contemporary Art,Minimalism,Agnes Martin,untitled,1959,yes,none,0.2,0.0,0.0,0.222,0.0,0.111,0.222,0.0,0.0,0.111,0.0,0.0,0.222,0.111,0.0,0.0,0.0,0.0,0.222,0.0,0.0,no
2663,Contemporary Art,Minimalism,Robert Ryman,untitled,1959,yes,none,-0.2,0.0,0.0,0.4,0.0,0.0,0.1,0.0,0.0,0.2,0.0,0.0,0.2,0.0,0.0,0.2,0.0,0.0,0.4,0.0,0.1,no
2669,Contemporary Art,Minimalism,Walter Darby Bannard,hopewell valley sun,1959,yes,none,0.0,0.0,0.0,0.2,0.0,0.1,0.1,0.1,0.0,0.2,0.2,0.0,0.1,0.0,0.1,0.0,0.0,0.0,0.2,0.1,0.1,no
2670,Contemporary Art,Minimalism,Martin Barre,59-140.130-a,1959,yes,none,0.2,0.1,0.2,0.3,0.0,0.1,0.1,0.0,0.0,0.0,0.1,0.0,0.2,0.1,0.0,0.2,0.0,0.0,0.4,0.0,0.1,no
2679,Contemporary Art,Minimalism,Bob Law,drawing 25.4.60,1960,yes,none,-1.0,0.0,0.0,0.33299999999999996,0.0,0.0,0.33299999999999996,0.083,0.0,0.0,0.0,0.0,0.0,0.16699999999999998,0.083,0.0,0.0,0.0,0.33299999999999996,0.0,0.083,no
2688,Contemporary Art,Minimalism,Antonio Calderara,spazio luce,1960,yes,none,1.1,0.0,0.0,0.2,0.0,0.0,0.0,0.0,0.0,0.4,0.1,0.0,0.2,0.0,0.0,0.0,0.0,0.0,0.3,0.2,0.0,no
2701,Contemporary Art,Minimalism,Martin Barre,60-t-18,1960,yes,none,0.27,0.091,0.091,0.273,0.091,0.0,0.182,0.0,0.091,0.0,0.091,0.091,0.0,0.182,0.0,0.182,0.0,0.0,0.364,0.091,0.182,no
2714,Contemporary Art,Minimalism,Edward Krasinski,object,1960,no,none,-0.2,0.0,0.1,0.6,0.0,0.1,0.3,0.1,0.0,0.0,0.1,0.0,0.0,0.0,0.1,0.0,0.0,0.0,0.4,0.2,0.1,no
2716,Contemporary Art,Minimalism,Dadamaino,volume a moduli sfasati,1960,no,none,-0.33,0.0,0.0,0.25,0.0,0.083,0.16699999999999998,0.0,0.0,0.0,0.0,0.0,0.16699999999999998,0.0,0.083,0.0,0.0,0.083,0.41700000000000004,0.083,0.083,no
2720,Contemporary Art,Minimalism,Giulio Paolini,disegno geometrico,1960,yes,none,0.0,0.1,0.0,0.2,0.0,0.1,0.2,0.0,0.0,0.0,0.0,0.0,0.1,0.0,0.0,0.0,0.1,0.1,0.3,0.1,0.2,no
2721,Contemporary Art,Minimalism,John McLaughlin,number 23,1960,yes,none,-0.08,0.0,0.0,0.25,0.0,0.0,0.16699999999999998,0.083,0.0,0.0,0.0,0.0,0.16699999999999998,0.0,0.0,0.0,0.0,0.083,0.5,0.083,0.083,no
2729,Contemporary Art,Minimalism,Antonio Calderara,spazio luce,1961,yes,none,0.0,0.0,0.0,0.4,0.0,0.0,0.2,0.0,0.0,0.3,0.2,0.0,0.1,0.0,0.0,0.1,0.0,0.0,0.1,0.0,0.0,no
2743,Contemporary Art,Minimalism,Ellsworth Kelly,blue on white,1961,yes,none,0.0,0.0,0.0,0.4,0.0,0.0,0.1,0.0,0.0,0.1,0.0,0.1,0.1,0.0,0.0,0.0,0.0,0.0,0.4,0.2,0.1,no
2746,Contemporary Art,Minimalism,Robert Morris,box with the sound of its own making,1961,no,none,-0.64,0.0,0.0,0.273,0.0,0.182,0.182,0.0,0.0,0.182,0.182,0.091,0.091,0.0,0.0,0.0,0.0,0.091,0.364,0.0,0.0,no
2754,Contemporary Art,Minimalism,Agnes Martin,the islands,1961,yes,none,0.3,0.1,0.1,0.2,0.0,0.0,0.2,0.0,0.0,0.1,0.3,0.0,0.0,0.0,0.0,0.0,0.0,0.0,0.4,0.0,0.0,no
2757,Contemporary Art,Minimalism,John McLaughlin,"number 13,",1961,yes,none,-0.22,0.024,0.024,0.244,0.012,0.061,0.073,0.049,0.0,0.061,0.049,0.012,0.159,0.037000000000000005,0.0,0.037000000000000005,0.024,0.049,0.354,0.049,0.085,no
2763,Contemporary Art,Minimalism,Phillip King,window piece,1961,no,none,0.0,0.0,0.0,0.2,0.0,0.1,0.2,0.0,0.0,0.1,0.1,0.0,0.0,0.0,0.0,0.0,0.0,0.1,0.2,0.0,0.2,no
2765,Contemporary Art,Minimalism,Jean Degottex,&#201;criture,1961,yes,none,0.9,0.0,0.0,0.5,0.1,0.2,0.1,0.0,0.0,0.2,0.1,0.0,0.1,0.0,0.2,0.1,0.1,0.1,0.4,0.1,0.0,no
2774,Contemporary Art,Minimalism,Noguchi Isamu ,garden elements,1962,no,none,-0.8,0.0,0.0,0.2,0.0,0.0,0.3,0.0,0.0,0.1,0.1,0.0,0.0,0.1,0.0,0.0,0.1,0.0,0.4,0.1,0.0,no
2777,Contemporary Art,Minimalism,Martin Barre,62-5,1962,yes,none,-0.55,0.0,0.0,0.182,0.0,0.182,0.182,0.0,0.0,0.0,0.091,0.0,0.0,0.0,0.0,0.0,0.0,0.0,0.455,0.0,0.091,no
2788,Contemporary Art,Minimalism,Sheila Hicks,squiggle,1962,no,none,0.17,0.0,0.0,0.41700000000000004,0.0,0.083,0.083,0.0,0.0,0.0,0.083,0.0,0.0,0.0,0.0,0.0,0.0,0.0,0.25,0.0,0.16699999999999998,no
2789,Contemporary Art,Minimalism,Noguchi Isamu ,tsukubai (waterholder),1962,no,none,-0.8,0.0,0.0,0.6,0.0,0.0,0.1,0.0,0.0,0.0,0.1,0.0,0.0,0.0,0.0,0.0,0.0,0.0,0.2,0.0,0.1,no
2794,Contemporary Art,Minimalism,Michel Parmentier,untitled,1962,yes,none,-1.2,0.0,0.0,0.3,0.0,0.0,0.0,0.0,0.0,0.0,0.1,0.0,0.0,0.0,0.0,0.0,0.0,0.0,0.8,0.0,0.1,no
2796,Contemporary Art,Minimalism,Francois Morellet,sphere - matter,1962,no,none,1.48,0.051,0.025,0.405,0.013000000000000001,0.038,0.076,0.038,0.025,0.177,0.08900000000000001,0.051,0.177,0.025,0.013000000000000001,0.025,0.0,0.025,0.392,0.19,0.013000000000000001,no
2801,Contemporary Art,Minimalism,John McLaughlin,number 17,1962,yes,none,-0.64,0.0,0.091,0.364,0.0,0.182,0.273,0.0,0.0,0.0,0.091,0.0,0.0,0.0,0.091,0.0,0.0,0.0,0.273,0.0,0.091,no
2805,Contemporary Art,Minimalism,Yves Gaucher,naka,1962,yes,none,-0.4,0.0,0.0,0.3,0.0,0.0,0.2,0.0,0.0,0.0,0.0,0.0,0.0,0.0,0.0,0.1,0.0,0.0,0.3,0.0,0.3,no
2813,Contemporary Art,Minimalism,Tony Smith,tau,1962,no,face,0.35,0.059000000000000004,0.059000000000000004,0.294,0.11800000000000001,0.059000000000000004,0.059000000000000004,0.11800000000000001,0.11800000000000001,0.17600000000000002,0.235,0.11800000000000001,0.17600000000000002,0.11800000000000001,0.059000000000000004,0.17600000000000002,0.059000000000000004,0.11800000000000001,0.41200000000000003,0.059000000000000004,0.0,no
2824,Contemporary Art,Minimalism,Anne Truitt,one,1962,no,none,0.5,0.0,0.0,0.4,0.0,0.0,0.0,0.0,0.0,0.1,0.0,0.0,0.4,0.1,0.0,0.0,0.0,0.0,0.2,0.2,0.1,no
2835,Contemporary Art,Minimalism,Agnes Martin,night sea,1963,yes,none,0.4,0.0,0.0,0.3,0.1,0.0,0.1,0.0,0.0,0.3,0.1,0.0,0.1,0.0,0.1,0.2,0.1,0.0,0.4,0.0,0.1,no
2837,Contemporary Art,Minimalism,Martin Barre,63-m-3,1963,yes,none,-0.55,0.0,0.091,0.182,0.0,0.0,0.091,0.273,0.0,0.0,0.0,0.0,0.0,0.182,0.0,0.091,0.0,0.0,0.273,0.0,0.182,no
2838,Contemporary Art,Minimalism,Agnes Martin,stars,1963,yes,none,0.7,0.0,0.0,0.6,0.0,0.0,0.0,0.0,0.0,0.2,0.1,0.0,0.2,0.0,0.0,0.0,0.0,0.0,0.7,0.2,0.0,no
2843,Contemporary Art,Minimalism,Mira Schendel,untitled,1963,yes,none,-0.9,0.0,0.2,0.2,0.0,0.2,0.2,0.1,0.0,0.0,0.1,0.0,0.0,0.0,0.0,0.1,0.0,0.0,0.2,0.0,0.1,no
2848,Contemporary Art,Minimalism,Robert Ryman,untitled #36,1963,yes,none,-1.0,0.0,0.0,0.3,0.0,0.0,0.2,0.1,0.0,0.1,0.1,0.0,0.0,0.0,0.0,0.0,0.0,0.0,0.4,0.1,0.0,no
2849,Contemporary Art,Minimalism,John McLaughlin,untitled,1963,yes,none,-0.1,0.0,0.0,0.4,0.0,0.1,0.2,0.0,0.1,0.0,0.0,0.0,0.0,0.0,0.0,0.0,0.0,0.0,0.4,0.1,0.1,no
2859,Contemporary Art,Minimalism,Tony Smith,the elevens are up,1963,no,none,1.45,0.091,0.0,0.545,0.0,0.0,0.091,0.0,0.091,0.0,0.273,0.0,0.091,0.091,0.0,0.091,0.0,0.0,0.273,0.182,0.0,no
2860,Contemporary Art,Minimalism,Dan Flavin,the nominal three (to william of ockham),1963,no,none,-0.3,0.0,0.0,0.3,0.0,0.0,0.0,0.0,0.0,0.2,0.0,0.0,0.3,0.0,0.0,0.0,0.0,0.0,0.4,0.0,0.0,no
2862,Contemporary Art,Minimalism,Dan Flavin,"diagonal of personal ecstasy (the diagonal of may 25, 1963, to constantin brancusi)",1963,no,none,0.7,0.0,0.0,0.5,0.0,0.0,0.0,0.0,0.0,0.1,0.0,0.0,0.3,0.0,0.0,0.0,0.0,0.0,0.3,0.2,0.1,no
2865,Contemporary Art,Minimalism,Antonio Calderara,spazio luce,1963,yes,none,1.09,0.0,0.091,0.364,0.0,0.0,0.091,0.0,0.091,0.091,0.0,0.182,0.0,0.0,0.0,0.0,0.0,0.0,0.273,0.182,0.091,no
2869,Contemporary Art,Minimalism,John McLaughlin,number 14,1963,yes,none,0.0,0.0,0.0,0.3,0.0,0.1,0.2,0.0,0.0,0.2,0.1,0.1,0.2,0.0,0.0,0.1,0.0,0.0,0.5,0.0,0.0,no
2874,Contemporary Art,Minimalism,Robert Ryman,points,1963,yes,none,-0.6,0.0,0.0,0.4,0.1,0.0,0.1,0.0,0.0,0.0,0.1,0.0,0.0,0.0,0.1,0.2,0.0,0.0,0.5,0.1,0.1,no
2880,Contemporary Art,Minimalism,Li Yuan-chia,folding scroll,1963,yes,none,-0.17,0.0,0.0,0.083,0.0,0.083,0.25,0.0,0.0,0.0,0.083,0.0,0.0,0.083,0.0,0.083,0.0,0.0,0.41700000000000004,0.083,0.083,no
2888,Contemporary Art,Minimalism,Alex Hay,chicken wire,1963,yes,none,0.18,0.091,0.0,0.455,0.091,0.091,0.182,0.091,0.0,0.091,0.182,0.0,0.0,0.0,0.0,0.0,0.0,0.0,0.364,0.182,0.0,no
2896,Contemporary Art,Minimalism,Paul Brach,the negative way #2,1964,yes,none,0.42,0.0,0.0,0.0,0.16699999999999998,0.0,0.16699999999999998,0.16699999999999998,0.0,0.083,0.16699999999999998,0.0,0.0,0.33299999999999996,0.16699999999999998,0.16699999999999998,0.0,0.0,0.25,0.0,0.0,no
2897,Contemporary Art,Minimalism,John McLaughlin,number 11,1964,yes,none,-0.4,0.0,0.0,0.3,0.0,0.1,0.1,0.1,0.0,0.0,0.1,0.0,0.0,0.0,0.1,0.0,0.1,0.0,0.5,0.0,0.1,no
2900,Contemporary Art,Minimalism,Dan Flavin,untitled (to henri matisse),1964,no,none,-0.4,0.0,0.0,0.2,0.1,0.0,0.1,0.0,0.0,0.2,0.1,0.1,0.1,0.0,0.1,0.1,0.0,0.0,0.5,0.1,0.0,no
2903,Contemporary Art,Minimalism,Paul Brach,the negative way #10,1964,yes,none,-0.04,0.048,0.024,0.145,0.036000000000000004,0.096,0.096,0.145,0.012,0.06,0.048,0.024,0.06,0.24100000000000002,0.036000000000000004,0.205,0.048,0.048,0.289,0.036000000000000004,0.048,no
2904,Contemporary Art,Minimalism,Richard Artschwager,mirror/mirror - table/table,1964,no,none,-0.5,0.0,0.0,0.1,0.0,0.0,0.3,0.0,0.0,0.0,0.2,0.0,0.0,0.0,0.0,0.0,0.0,0.0,0.3,0.0,0.1,no
2906,Contemporary Art,Minimalism,John McLaughlin,number 27,1964,yes,none,0.3,0.0,0.1,0.3,0.0,0.2,0.2,0.0,0.0,0.0,0.1,0.0,0.2,0.1,0.0,0.0,0.0,0.0,0.3,0.0,0.2,no
2908,Contemporary Art,Minimalism,Noguchi Isamu ,vertical man,1964,no,none,0.0,0.0,0.0,0.182,0.0,0.0,0.364,0.0,0.0,0.182,0.0,0.0,0.0,0.091,0.0,0.0,0.0,0.0,0.545,0.091,0.091,no
2913,Contemporary Art,Minimalism,Agnes Martin,red bird,1964,yes,none,-0.2,0.0,0.0,0.2,0.0,0.0,0.0,0.0,0.0,0.1,0.2,0.0,0.3,0.0,0.0,0.0,0.0,0.0,0.3,0.2,0.1,no
2919,Contemporary Art,Minimalism,Jan Groth,maleri,1964,yes,none,-0.35,0.0,0.054000000000000006,0.162,0.027000000000000003,0.068,0.095,0.37799999999999995,0.013999999999999999,0.027000000000000003,0.0,0.013999999999999999,0.040999999999999995,0.18899999999999997,0.027000000000000003,0.257,0.013999999999999999,0.027000000000000003,0.243,0.054000000000000006,0.013999999999999999,no
2922,Contemporary Art,Minimalism,Ralph Hotere,black painting,1964,yes,none,-1.38,0.0,0.154,0.154,0.077,0.0,0.308,0.154,0.0,0.0,0.0,0.0,0.0,0.077,0.0,0.077,0.0,0.077,0.308,0.0,0.0,no
2923,Contemporary Art,Minimalism,Horia Damian,egyptian gate,1964,no,none,-1.3,0.1,0.1,0.1,0.0,0.1,0.2,0.0,0.0,0.0,0.0,0.0,0.0,0.1,0.0,0.0,0.0,0.0,0.1,0.0,0.3,no
2925,Contemporary Art,Minimalism,James Lee Byars,accomplishments,1964,yes,none,1.23,0.077,0.0,0.154,0.077,0.0,0.077,0.0,0.077,0.308,0.0,0.615,0.077,0.0,0.0,0.0,0.0,0.0,0.154,0.077,0.0,no
2933,Contemporary Art,Minimalism,Agnes Martin,the peach,1964,yes,none,-0.7,0.0,0.0,0.2,0.0,0.1,0.2,0.1,0.0,0.0,0.2,0.0,0.1,0.1,0.0,0.0,0.0,0.0,0.5,0.0,0.0,no
2938,Contemporary Art,Minimalism,Dan Flavin,a primary picture,1964,no,none,0.27,0.0,0.0,0.091,0.0,0.0,0.091,0.091,0.0,0.091,0.182,0.091,0.091,0.091,0.091,0.0,0.091,0.0,0.273,0.0,0.0,yes
2940,Contemporary Art,Minimalism,Ruth Vollmer,cluster about hemisphere,1964,yes,none,-1.0,0.0,0.0,0.2,0.0,0.0,0.1,0.0,0.0,0.1,0.0,0.0,0.0,0.1,0.0,0.4,0.1,0.0,0.4,0.0,0.0,no
2943,Contemporary Art,Minimalism,Jeremy Moon,naxos,1964,yes,none,0.58,0.16699999999999998,0.0,0.25,0.0,0.0,0.083,0.0,0.083,0.16699999999999998,0.083,0.0,0.083,0.083,0.0,0.0,0.0,0.0,0.33299999999999996,0.083,0.0,no
2945,Contemporary Art,Minimalism,Agnes Martin,the tree,1964,no,none,-0.58,0.0,0.0,0.5,0.083,0.0,0.083,0.083,0.083,0.083,0.083,0.0,0.083,0.0,0.0,0.083,0.0,0.16699999999999998,0.33299999999999996,0.083,0.0,no
2946,Contemporary Art,Minimalism,Tony Smith,moondog,1964,no,none,1.09,0.0,0.0,0.364,0.091,0.0,0.091,0.0,0.0,0.182,0.0,0.091,0.0,0.091,0.0,0.0,0.0,0.0,0.273,0.273,0.0,no
2958,Contemporary Art,Minimalism,Mark Rothko,no. 2,1964,yes,none,-1.58,0.0,0.16699999999999998,0.16699999999999998,0.16699999999999998,0.0,0.25,0.083,0.0,0.0,0.0,0.0,0.0,0.0,0.083,0.16699999999999998,0.083,0.0,0.33299999999999996,0.083,0.0,no
2962,Contemporary Art,Minimalism,Paul Brach,the negative way #4,1964,yes,none,0.0,0.0,0.0,0.0,0.0,0.0,0.0,0.3,0.0,0.0,0.0,0.0,0.0,0.3,0.1,0.2,0.0,0.0,0.3,0.0,0.1,no
2963,Contemporary Art,Minimalism,Sol LeWitt,standing open structure black,1964,no,none,0.27,0.091,0.0,0.364,0.0,0.0,0.182,0.091,0.0,0.0,0.273,0.0,0.0,0.091,0.0,0.0,0.0,0.0,0.273,0.091,0.0,no
2967,Contemporary Art,Minimalism,Helio Oiticica,b11 box b&#243;lide 09,1964,no,none,-0.4,0.0,0.0,0.5,0.0,0.0,0.1,0.0,0.0,0.0,0.0,0.0,0.0,0.0,0.0,0.1,0.0,0.0,0.4,0.0,0.1,no
2975,Contemporary Art,Minimalism,Judy Chicago,rainbow pickett,1965,no,none,0.85,0.0,0.0,0.154,0.0,0.0,0.154,0.0,0.0,0.231,0.0,0.0,0.308,0.0,0.0,0.0,0.0,0.077,0.308,0.0,0.0,no
2976,Contemporary Art,Minimalism,Robert Morris,untitled (l-beams),1965,yes,none,1.5,0.0,0.0,0.4,0.0,0.1,0.0,0.0,0.0,0.0,0.0,0.0,0.1,0.0,0.0,0.1,0.0,0.0,0.7,0.1,0.0,no
2981,Contemporary Art,Minimalism,Charlotte Posenenske,fold,1965,no,none,0.2,0.0,0.0,0.1,0.0,0.0,0.3,0.0,0.1,0.1,0.1,0.1,0.2,0.1,0.1,0.1,0.0,0.0,0.2,0.1,0.2,no
2982,Contemporary Art,Minimalism,Marko Pogacnik,untitled,1965,no,none,-1.36,0.091,0.091,0.364,0.0,0.182,0.091,0.0,0.0,0.091,0.091,0.0,0.0,0.0,0.0,0.091,0.091,0.0,0.364,0.0,0.0,no
2983,Contemporary Art,Minimalism,Jiro Yoshihara,work,1965,yes,none,-0.4,0.0,0.0,0.4,0.1,0.1,0.2,0.2,0.0,0.0,0.1,0.1,0.0,0.1,0.1,0.0,0.0,0.0,0.4,0.1,0.0,no
2987,Contemporary Art,Minimalism,Charlotte Posenenske,sprayed picture,1965,yes,none,0.6,0.0,0.1,0.4,0.0,0.1,0.1,0.2,0.1,0.4,0.0,0.0,0.2,0.0,0.0,0.1,0.0,0.1,0.3,0.2,0.0,no
2988,Contemporary Art,Minimalism,Edward Krasinski,untitled,1965,no,none,1.0,0.111,0.0,0.444,0.33299999999999996,0.0,0.0,0.111,0.0,0.222,0.222,0.222,0.0,0.0,0.0,0.0,0.0,0.0,0.556,0.222,0.0,no
2992,Contemporary Art,Minimalism,Giovanni Anselmo,studio per la mia ombra verso l&#39;infinito dalla cima dello stromboli durante l&#39;alba del 16 agosto 1965,1965,yes,none,0.4,0.0,0.0,0.4,0.1,0.1,0.1,0.0,0.0,0.1,0.0,0.0,0.1,0.1,0.0,0.1,0.0,0.0,0.3,0.0,0.1,no
2995,Contemporary Art,Minimalism,Antonio Calderara,spazio luce,1965,yes,none,-0.36,0.0,0.0,0.364,0.0,0.0,0.0,0.0,0.0,0.091,0.182,0.0,0.182,0.091,0.0,0.0,0.0,0.0,0.455,0.182,0.091,no
2996,Contemporary Art,Minimalism,Paul Brach,silver series,1965,yes,none,0.26,0.0,0.013000000000000001,0.26,0.026000000000000002,0.013000000000000001,0.10400000000000001,0.026000000000000002,0.013000000000000001,0.052000000000000005,0.078,0.013000000000000001,0.078,0.026000000000000002,0.013000000000000001,0.10400000000000001,0.0,0.026000000000000002,0.40299999999999997,0.026000000000000002,0.065,no
3002,Contemporary Art,Minimalism,Robert Ryman,untitled,1965,yes,none,-0.51,0.027999999999999997,0.013999999999999999,0.20800000000000002,0.055999999999999994,0.111,0.09699999999999999,0.055999999999999994,0.027999999999999997,0.083,0.153,0.013999999999999999,0.069,0.069,0.027999999999999997,0.069,0.027999999999999997,0.027999999999999997,0.34700000000000003,0.027999999999999997,0.069,no
3003,Contemporary Art,Minimalism,Richard Tuttle,wave,1965,no,none,0.3,0.0,0.0,0.1,0.0,0.1,0.2,0.0,0.0,0.1,0.3,0.1,0.2,0.0,0.0,0.0,0.0,0.0,0.2,0.1,0.1,no
3004,Contemporary Art,Minimalism,Agnes Martin,the harvest,1965,yes,none,-0.55,0.0,0.0,0.182,0.0,0.0,0.091,0.0,0.0,0.091,0.182,0.0,0.0,0.0,0.0,0.0,0.0,0.0,0.455,0.0,0.091,no
3013,Contemporary Art,Minimalism,Richard Tuttle,drift iii,1965,no,none,-0.2,0.0,0.0,0.1,0.0,0.0,0.2,0.0,0.0,0.2,0.1,0.0,0.2,0.0,0.0,0.0,0.0,0.0,0.3,0.0,0.2,no
3016,Contemporary Art,Minimalism,Ronald Bladen,the x,1965,no,none,0.6,0.0,0.0,0.2,0.0,0.1,0.2,0.0,0.0,0.1,0.2,0.0,0.2,0.1,0.0,0.0,0.0,0.0,0.2,0.1,0.1,no
3022,Contemporary Art,Minimalism,Ronald Bladen,three elements,1965,no,none,0.0,0.0,0.0,0.182,0.0,0.0,0.273,0.091,0.0,0.091,0.091,0.0,0.091,0.0,0.0,0.0,0.0,0.0,0.273,0.0,0.0,no
3023,Contemporary Art,Minimalism,Michel Parmentier,peinture n&#176;10,1965,yes,none,-0.17,0.083,0.083,0.16699999999999998,0.083,0.083,0.25,0.16699999999999998,0.083,0.083,0.16699999999999998,0.083,0.33299999999999996,0.083,0.083,0.083,0.083,0.083,0.33299999999999996,0.083,0.083,no
3024,Contemporary Art,Minimalism,Richard Tuttle,fountain,1965,no,none,-0.33,0.0,0.0,0.16699999999999998,0.0,0.0,0.083,0.0,0.16699999999999998,0.083,0.0,0.0,0.16699999999999998,0.0,0.0,0.0,0.0,0.0,0.583,0.0,0.16699999999999998,no
3025,Contemporary Art,Minimalism,Gianni Piacentino,dull-amaranth disk,1966,no,none,-0.25,0.083,0.0,0.16699999999999998,0.083,0.0,0.16699999999999998,0.083,0.0,0.16699999999999998,0.0,0.083,0.0,0.0,0.0,0.083,0.0,0.16699999999999998,0.16699999999999998,0.083,0.083,no
3030,Contemporary Art,Minimalism,Jan Groth,tegn iii,1966,yes,none,-0.4,0.0,0.0,0.3,0.0,0.0,0.1,0.3,0.0,0.0,0.1,0.0,0.0,0.1,0.1,0.4,0.1,0.0,0.4,0.2,0.1,no
3031,Contemporary Art,Minimalism,Sheila Hicks,grand prayer rug,1966,no,none,-0.82,0.091,0.0,0.273,0.0,0.091,0.091,0.0,0.0,0.0,0.273,0.0,0.091,0.091,0.0,0.0,0.0,0.0,0.273,0.182,0.0,no
3032,Contemporary Art,Minimalism,Brice Marden,the dylan painting,1966,yes,none,-1.36,0.0,0.0,0.0,0.091,0.0,0.182,0.091,0.0,0.0,0.091,0.0,0.0,0.182,0.0,0.0,0.0,0.091,0.364,0.0,0.091,no
3039,Contemporary Art,Minimalism,Michel Parmentier,15 octobre,1966,yes,none,-0.7,0.1,0.0,0.1,0.0,0.1,0.0,0.0,0.1,0.2,0.2,0.1,0.1,0.0,0.0,0.0,0.0,0.1,0.3,0.1,0.1,no
3040,Contemporary Art,Minimalism,Sol LeWitt,serial project (set b),1966,no,none,0.0,0.0,0.0,0.35700000000000004,0.0,0.0,0.14300000000000002,0.0,0.0,0.0,0.071,0.0,0.0,0.0,0.0,0.0,0.0,0.071,0.429,0.0,0.071,no
3042,Contemporary Art,Minimalism,Charlotte Posenenske,fold,1966,no,none,-0.3,0.0,0.1,0.3,0.0,0.0,0.0,0.1,0.1,0.0,0.1,0.0,0.1,0.0,0.0,0.1,0.0,0.0,0.4,0.0,0.1,no
3043,Contemporary Art,Minimalism,Jeremy Moon,golden age,1966,no,none,0.55,0.0,0.0,0.364,0.0,0.091,0.0,0.0,0.0,0.182,0.182,0.091,0.273,0.091,0.0,0.091,0.0,0.0,0.455,0.091,0.0,no
3044,Contemporary Art,Minimalism,Ellsworth Kelly,red yellow blue iii,1966,yes,none,0.38,0.154,0.0,0.231,0.077,0.0,0.154,0.0,0.077,0.154,0.077,0.0,0.154,0.0,0.0,0.0,0.0,0.077,0.231,0.077,0.0,no
3049,Contemporary Art,Minimalism,Gianni Piacentino,turquoise-gray upside down t,1966,no,none,0.0,0.0,0.0,0.455,0.0,0.0,0.0,0.0,0.0,0.0,0.0,0.0,0.182,0.091,0.0,0.0,0.0,0.0,0.273,0.182,0.091,no
3050,Contemporary Art,Minimalism,Robert Morris,untitled (ring with light),1966,yes,none,1.36,0.0,0.0,0.273,0.0,0.0,0.0,0.0,0.0,0.182,0.182,0.091,0.182,0.0,0.0,0.0,0.0,0.0,0.273,0.091,0.091,no
3051,Contemporary Art,Minimalism,Phillip King,slant,1966,no,none,0.1,0.1,0.0,0.1,0.0,0.2,0.1,0.1,0.0,0.0,0.1,0.0,0.0,0.0,0.0,0.0,0.0,0.1,0.5,0.0,0.0,no
3055,Contemporary Art,Minimalism,Rodolfo Arico,untitled,1966,yes,none,-0.45,0.0,0.0,0.0,0.091,0.0,0.091,0.091,0.091,0.091,0.091,0.0,0.0,0.091,0.091,0.0,0.0,0.091,0.455,0.0,0.091,no
3056,Contemporary Art,Minimalism,Robert Huot,scottâs scribble,1966,yes,none,-0.4,0.0,0.0,0.3,0.0,0.0,0.0,0.0,0.1,0.1,0.0,0.0,0.0,0.1,0.0,0.0,0.0,0.1,0.5,0.0,0.1,no
3058,Contemporary Art,Minimalism,Giulio Paolini,ut-op,1966,yes,none,-0.6,0.1,0.0,0.3,0.0,0.2,0.1,0.0,0.0,0.1,0.1,0.0,0.0,0.0,0.0,0.3,0.0,0.2,0.4,0.0,0.0,no
3062,Contemporary Art,Minimalism,Tony DeLap,tango tangles,1966,no,none,0.59,0.0,0.0,0.235,0.0,0.0,0.17600000000000002,0.0,0.0,0.11800000000000001,0.11800000000000001,0.059000000000000004,0.11800000000000001,0.0,0.0,0.0,0.0,0.0,0.47100000000000003,0.0,0.0,no
3066,Contemporary Art,Minimalism,Michael Heizer,"north, east, south, west",1967,no,none,0.3,0.0,0.0,0.1,0.1,0.2,0.1,0.3,0.0,0.1,0.2,0.0,0.1,0.1,0.1,0.0,0.0,0.0,0.2,0.1,0.0,no
3067,Contemporary Art,Minimalism,Lyman Kipp,muscoot,1967,no,none,0.23,0.064,0.026000000000000002,0.359,0.026000000000000002,0.013000000000000001,0.10300000000000001,0.013000000000000001,0.013000000000000001,0.09,0.064,0.038,0.10300000000000001,0.013000000000000001,0.0,0.0,0.0,0.038,0.33299999999999996,0.115,0.026000000000000002,no
3070,Contemporary Art,Minimalism,Mathias Goeritz,message (mensaje),1967,yes,none,0.5,0.0,0.0,0.5,0.0,0.1,0.0,0.0,0.0,0.1,0.0,0.0,0.2,0.1,0.0,0.0,0.0,0.0,0.6,0.2,0.0,no
3072,Contemporary Art,Minimalism,Charlotte Posenenske,square tubes [series d],1967,no,none,-0.36,0.0,0.0,0.182,0.0,0.0,0.364,0.0,0.0,0.0,0.0,0.0,0.091,0.0,0.0,0.0,0.0,0.0,0.455,0.091,0.091,no
3074,Contemporary Art,Minimalism,Robert Huot,two blue suits,1967,yes,none,-0.36,0.091,0.0,0.182,0.0,0.0,0.182,0.0,0.0,0.091,0.273,0.0,0.0,0.0,0.0,0.0,0.0,0.091,0.273,0.0,0.091,no
3076,Contemporary Art,Minimalism,Richard Serra,to lift,1967,no,none,-0.31,0.0,0.0,0.154,0.154,0.077,0.154,0.077,0.077,0.077,0.0,0.0,0.077,0.077,0.077,0.0,0.0,0.154,0.385,0.0,0.077,no
3083,Contemporary Art,Minimalism,Tony Smith,source,1967,no,none,0.2,0.0,0.0,0.3,0.0,0.0,0.4,0.0,0.0,0.0,0.0,0.0,0.1,0.0,0.0,0.1,0.0,0.0,0.3,0.2,0.0,no
3085,Contemporary Art,Minimalism,Eva Hesse,addendum,1967,no,none,-0.54,0.013999999999999999,0.028999999999999998,0.304,0.0,0.013999999999999999,0.13,0.013999999999999999,0.013999999999999999,0.028999999999999998,0.10099999999999999,0.0,0.013999999999999999,0.028999999999999998,0.028999999999999998,0.057999999999999996,0.028999999999999998,0.028999999999999998,0.449,0.013999999999999999,0.043,no
3089,Contemporary Art,Minimalism,Charlotte Posenenske,series dw,1967,no,none,-0.18,0.0,0.0,0.273,0.0,0.0,0.273,0.0,0.0,0.0,0.0,0.0,0.0,0.0,0.0,0.0,0.0,0.182,0.364,0.091,0.0,no
3092,Contemporary Art,Minimalism,Bob Law,no. 62 (black/blue/violet/blue),1967,yes,none,-1.36,0.0,0.091,0.091,0.0,0.0,0.091,0.455,0.0,0.0,0.0,0.0,0.0,0.091,0.091,0.0,0.0,0.0,0.273,0.0,0.091,no
3095,Contemporary Art,Minimalism,Bernard Cohen,print 6,1967,yes,none,-1.2,0.1,0.0,0.2,0.0,0.1,0.1,0.0,0.0,0.1,0.0,0.0,0.0,0.0,0.0,0.0,0.0,0.1,0.8,0.0,0.0,no
3096,Contemporary Art,Minimalism,Johannes Jan Schoonhoven,square with diagonals,1967,yes,none,0.73,0.0,0.0,0.273,0.0,0.0,0.182,0.0,0.0,0.182,0.0,0.0,0.182,0.0,0.0,0.0,0.0,0.091,0.636,0.182,0.0,no
3098,Contemporary Art,Minimalism,Charlotte Posenenske,"relief, series b",1967,yes,none,0.3,0.1,0.0,0.3,0.0,0.1,0.1,0.0,0.0,0.0,0.2,0.1,0.1,0.0,0.0,0.0,0.0,0.0,0.3,0.1,0.0,no
3100,Contemporary Art,Minimalism,Lyman Kipp,"untitled (red, yellow, dark blue)",1967,no,none,1.0,0.0,0.0,0.5,0.0,0.0,0.1,0.0,0.0,0.3,0.2,0.0,0.1,0.0,0.0,0.0,0.0,0.0,0.3,0.2,0.0,no
3102,Contemporary Art,Minimalism,Ruth Vollmer,trenchant sphere,1967,no,none,1.0,0.0,0.0,0.727,0.091,0.0,0.091,0.0,0.0,0.0,0.0,0.0,0.0,0.0,0.0,0.091,0.0,0.0,0.364,0.182,0.0,no
3105,Contemporary Art,Minimalism,Phillip King,nile,1967,no,none,-0.69,0.077,0.0,0.154,0.077,0.154,0.077,0.077,0.0,0.0,0.077,0.077,0.0,0.0,0.077,0.0,0.0,0.0,0.846,0.0,0.0,no
3106,Contemporary Art,Minimalism,Daniel Buren,peinture acrylique blanche sur tissu ray&#233; blanc et orange,1967,yes,none,-0.6,0.0,0.0,0.2,0.1,0.0,0.1,0.0,0.0,0.0,0.3,0.0,0.2,0.1,0.0,0.0,0.0,0.0,0.4,0.2,0.0,no
3111,Contemporary Art,Minimalism,Tess Jaray,untitled,1967,yes,none,0.2,0.0,0.0,0.5,0.0,0.1,0.1,0.0,0.0,0.0,0.0,0.0,0.0,0.0,0.0,0.0,0.0,0.0,0.5,0.1,0.1,no
3113,Contemporary Art,Minimalism,Daniel Dezeuze,stretcher (covered with a sheet of transparent plastic),1967,no,none,-1.5,0.0,0.0,0.1,0.0,0.1,0.1,0.0,0.0,0.0,0.0,0.0,0.1,0.0,0.0,0.0,0.0,0.0,0.2,0.0,0.5,no
3114,Contemporary Art,Minimalism,Eva Hesse,untitled,1967,yes,none,-1.3,0.0,0.0,0.3,0.0,0.1,0.0,0.1,0.0,0.0,0.1,0.0,0.1,0.0,0.0,0.0,0.0,0.1,0.4,0.0,0.1,no
3115,Contemporary Art,Minimalism,Bernard Cohen,print 2,1967,yes,none,0.0,0.0,0.0,0.0,0.0,0.0,0.0,0.0,0.0,0.182,0.364,0.0,0.091,0.0,0.0,0.182,0.0,0.0,0.091,0.0,0.091,no
3116,Contemporary Art,Minimalism,Antonio Calderara,spazio luce,1967,yes,none,0.64,0.0,0.0,0.182,0.0,0.0,0.091,0.0,0.0,0.182,0.273,0.0,0.091,0.0,0.0,0.0,0.0,0.0,0.455,0.0,0.0,no
3117,Contemporary Art,Minimalism,Michel Parmentier,untitled,1967,yes,none,0.1,0.0,0.0,0.2,0.0,0.0,0.4,0.1,0.0,0.1,0.1,0.0,0.2,0.0,0.0,0.0,0.0,0.0,0.0,0.0,0.0,no
3118,Contemporary Art,Minimalism,Johannes Jan Schoonhoven,quadratenrelief met schuine binnenvlaken in 4 richtingen,1967,yes,none,0.17,0.0,0.0,0.33299999999999996,0.083,0.083,0.083,0.0,0.083,0.0,0.0,0.0,0.0,0.0,0.0,0.0,0.0,0.0,0.583,0.0,0.083,no
3119,Contemporary Art,Minimalism,Bernard Cohen,print 1,1967,yes,none,-0.64,0.0,0.091,0.273,0.0,0.0,0.091,0.091,0.0,0.0,0.0,0.0,0.0,0.0,0.0,0.182,0.0,0.0,0.182,0.0,0.182,no
3121,Contemporary Art,Minimalism,John McCracken,the absolutely naked fragrance,1967,no,none,-0.42,0.0,0.0,0.16699999999999998,0.083,0.083,0.25,0.0,0.0,0.0,0.083,0.083,0.0,0.0,0.0,0.0,0.0,0.083,0.25,0.0,0.083,no
3122,Contemporary Art,Minimalism,Robert Grosvenor,untitled,1967,no,none,-0.1,0.1,0.1,0.3,0.0,0.1,0.0,0.0,0.1,0.0,0.2,0.0,0.1,0.1,0.0,0.0,0.0,0.0,0.4,0.0,0.0,no
3126,Contemporary Art,Minimalism,Robert Huot,silver kiss,1968,yes,none,-0.55,0.0,0.0,0.182,0.0,0.091,0.182,0.0,0.0,0.091,0.091,0.182,0.091,0.091,0.0,0.091,0.091,0.0,0.364,0.0,0.0,no
3129,Contemporary Art,Minimalism,Michel Parmentier,18 f&#233;vrier,1968,yes,none,0.5,0.0,0.0,0.4,0.0,0.0,0.0,0.0,0.0,0.0,0.0,0.0,0.1,0.0,0.0,0.0,0.0,0.0,0.4,0.2,0.1,no
3132,Contemporary Art,Minimalism,Robert Grosvenor,untitled,1968,no,none,0.46,0.0,0.0,0.154,0.077,0.0,0.077,0.0,0.0,0.385,0.154,0.0,0.308,0.0,0.0,0.0,0.0,0.0,0.231,0.077,0.077,no
3135,Contemporary Art,Minimalism,Imi Knoebel,room 19,1968,no,none,-0.5,0.1,0.0,0.0,0.1,0.0,0.2,0.0,0.0,0.0,0.1,0.0,0.0,0.0,0.0,0.1,0.0,0.0,0.2,0.0,0.3,no
3138,Contemporary Art,Minimalism,Robert Ryman,classico 5,1968,yes,none,-0.58,0.0,0.0,0.083,0.0,0.0,0.25,0.0,0.083,0.083,0.0,0.0,0.0,0.0,0.0,0.16699999999999998,0.0,0.0,0.5,0.0,0.083,no
3139,Contemporary Art,Minimalism,Fred Sandback,blue day-glo corner piece,1968,yes,none,0.18,0.0,0.091,0.091,0.0,0.0,0.0,0.0,0.0,0.091,0.182,0.0,0.091,0.0,0.0,0.091,0.0,0.0,0.273,0.0,0.091,no
3144,Contemporary Art,Minimalism,Anne Truitt,a wall for apricots,1968,no,none,-0.1,0.0,0.0,0.3,0.1,0.0,0.2,0.0,0.0,0.0,0.1,0.0,0.0,0.1,0.0,0.1,0.0,0.0,0.6,0.0,0.0,no
3148,Contemporary Art,Minimalism,Giovanni Anselmo,specchio,1968,no,none,-0.75,0.0,0.0,0.5,0.083,0.0,0.083,0.0,0.0,0.0,0.083,0.0,0.0,0.0,0.0,0.083,0.0,0.0,0.33299999999999996,0.0,0.083,no
3150,Contemporary Art,Minimalism,Jiro Yoshihara,white line on black,1968,yes,none,0.3,0.0,0.1,0.3,0.0,0.1,0.1,0.0,0.1,0.2,0.1,0.0,0.0,0.0,0.1,0.1,0.0,0.0,0.2,0.1,0.1,no
3152,Contemporary Art,Minimalism,Johannes Jan Schoonhoven,combination,1968,yes,none,0.24,0.044000000000000004,0.022000000000000002,0.289,0.0,0.044000000000000004,0.08900000000000001,0.022000000000000002,0.044000000000000004,0.067,0.111,0.022000000000000002,0.133,0.0,0.0,0.044000000000000004,0.0,0.022000000000000002,0.4,0.067,0.111,no
3153,Contemporary Art,Minimalism,Fred Sandback,untitled,1968,no,none,-0.4,0.0,0.0,0.5,0.0,0.1,0.1,0.0,0.0,0.0,0.0,0.0,0.0,0.0,0.0,0.2,0.0,0.1,0.3,0.0,0.0,no
3155,Contemporary Art,Minimalism,Johannes Jan Schoonhoven,rad 4,1968,yes,none,-0.6,0.0,0.0,0.5,0.1,0.0,0.0,0.0,0.1,0.0,0.2,0.0,0.2,0.0,0.0,0.1,0.0,0.0,0.7,0.1,0.0,no
3157,Contemporary Art,Minimalism,Robert Huot,3 inch high 33 foot long epoxy paint band,1968,no,none,0.55,0.0,0.091,0.182,0.0,0.091,0.091,0.0,0.0,0.091,0.273,0.0,0.091,0.091,0.0,0.091,0.091,0.091,0.182,0.091,0.091,no
3159,Contemporary Art,Minimalism,Lynda Benglis,night sherbet a,1968,no,none,-0.54,0.077,0.0,0.231,0.0,0.077,0.231,0.077,0.0,0.154,0.077,0.0,0.0,0.0,0.077,0.0,0.0,0.077,0.5379999999999999,0.0,0.0,no
3163,Contemporary Art,Minimalism,Tony Smith,asteriskos,1968,no,none,0.5,0.083,0.0,0.33299999999999996,0.083,0.0,0.16699999999999998,0.0,0.0,0.083,0.0,0.0,0.083,0.083,0.0,0.0,0.0,0.0,0.16699999999999998,0.083,0.0,no
3165,Contemporary Art,Minimalism,Park Seo-Bo,hereditarius no.1-68-a,1968,yes,none,0.36,0.0,0.0,0.455,0.0,0.0,0.182,0.0,0.0,0.182,0.0,0.0,0.182,0.0,0.0,0.0,0.0,0.0,0.455,0.182,0.0,no
3168,Contemporary Art,Minimalism,Johannes Jan Schoonhoven,zeshoeken,1968,yes,none,0.36,0.0,0.091,0.273,0.0,0.0,0.091,0.0,0.091,0.0,0.182,0.0,0.273,0.091,0.0,0.0,0.091,0.091,0.182,0.091,0.0,no
3169,Contemporary Art,Minimalism,Gianni Piacentino,metalliod blue-gray without oval sculpture,1968,no,none,-0.1,0.0,0.0,0.6,0.1,0.0,0.0,0.0,0.0,0.1,0.2,0.0,0.1,0.0,0.1,0.0,0.0,0.1,0.3,0.1,0.1,no
3171,Contemporary Art,Minimalism,Tess Jaray,green arrows on white,1968,yes,none,-1.1,0.0,0.0,0.2,0.0,0.1,0.0,0.0,0.0,0.0,0.0,0.0,0.1,0.0,0.0,0.3,0.1,0.2,0.4,0.0,0.0,no
3173,Contemporary Art,Minimalism,Mark Lancaster,zapruder green,1968,yes,none,-0.4,0.0,0.0,0.3,0.0,0.0,0.1,0.0,0.0,0.0,0.2,0.0,0.0,0.0,0.0,0.1,0.0,0.0,0.8,0.0,0.0,no
3174,Contemporary Art,Minimalism,Keith Sonnier,lit circle blue with etched glass,1968,no,none,1.0,0.2,0.0,0.3,0.2,0.0,0.0,0.1,0.1,0.5,0.1,0.2,0.2,0.0,0.1,0.0,0.0,0.1,0.3,0.2,0.0,no
3176,Contemporary Art,Minimalism,Bruce Nauman,my name as though it were written on the surface of the moon,1968,no,none,0.8,0.1,0.0,0.5,0.0,0.0,0.2,0.0,0.0,0.1,0.1,0.0,0.0,0.0,0.0,0.0,0.0,0.0,0.6,0.0,0.0,no
3179,Contemporary Art,Minimalism,Eva Hesse,accession ii,1968,no,none,0.0,0.0,0.1,0.1,0.0,0.0,0.1,0.2,0.0,0.1,0.0,0.1,0.0,0.1,0.0,0.0,0.2,0.0,0.4,0.0,0.0,no
3180,Contemporary Art,Minimalism,Robert Smithson,mirror and crushed shells,1969,yes,none,0.17,0.0,0.0,0.41700000000000004,0.0,0.083,0.083,0.083,0.0,0.0,0.16699999999999998,0.083,0.0,0.083,0.083,0.16699999999999998,0.0,0.0,0.5,0.0,0.083,no
3181,Contemporary Art,Minimalism,Richard Serra,one ton prop (house of cards),1969,no,none,-1.7,0.0,0.0,0.1,0.0,0.0,0.2,0.0,0.0,0.0,0.0,0.0,0.0,0.0,0.0,0.1,0.1,0.0,0.4,0.0,0.1,no
3182,Contemporary Art,Minimalism,Lynda Benglis,corner piece,1969,no,none,-0.1,0.0,0.0,0.5,0.1,0.0,0.2,0.0,0.0,0.0,0.0,0.1,0.0,0.0,0.0,0.0,0.0,0.0,0.5,0.0,0.0,no
3184,Contemporary Art,Minimalism,Nasreen Mohamedi,untitled,1969,yes,none,-0.55,0.091,0.0,0.182,0.0,0.091,0.273,0.182,0.0,0.0,0.0,0.0,0.0,0.0,0.0,0.455,0.0,0.0,0.273,0.0,0.0,no
3187,Contemporary Art,Minimalism,Peter Joseph,yellow painting,1969,yes,none,-0.7,0.0,0.0,0.0,0.0,0.0,0.2,0.0,0.0,0.1,0.1,0.0,0.1,0.0,0.0,0.0,0.0,0.0,0.4,0.0,0.1,no
3190,Contemporary Art,Minimalism,Takamatsu Jiro,the pole of wave,1969,no,none,0.0,0.1,0.0,0.4,0.0,0.0,0.0,0.0,0.0,0.0,0.2,0.0,0.0,0.0,0.0,0.0,0.0,0.0,0.5,0.0,0.0,no
3194,Contemporary Art,Minimalism,Mark Rothko,untitled,1969,yes,none,-0.8,0.0,0.0,0.1,0.1,0.0,0.0,0.4,0.0,0.0,0.1,0.0,0.0,0.3,0.1,0.4,0.1,0.0,0.1,0.0,0.0,no
3197,Contemporary Art,Minimalism,Noguchi Isamu ,the spirit&#39;s flight,1969,no,none,0.45,0.0,0.0,0.091,0.091,0.091,0.091,0.0,0.091,0.091,0.273,0.0,0.091,0.0,0.0,0.182,0.091,0.0,0.182,0.182,0.0,no
3199,Contemporary Art,Minimalism,Lynda Benglis,contraband,1969,no,none,-0.6,0.1,0.0,0.0,0.0,0.1,0.2,0.0,0.0,0.0,0.0,0.0,0.0,0.0,0.0,0.0,0.0,0.0,0.7,0.0,0.0,no
3201,Contemporary Art,Minimalism,Bob Law,nothing to be afraid of iv 15.8.69,1969,yes,none,-0.5,0.071,0.0,0.35700000000000004,0.0,0.071,0.214,0.14300000000000002,0.071,0.14300000000000002,0.071,0.0,0.0,0.071,0.071,0.0,0.0,0.0,0.35700000000000004,0.0,0.0,no
3202,Contemporary Art,Minimalism,Robert Huot,architectural details with shadows,1969,no,none,-0.83,0.0,0.0,0.25,0.16699999999999998,0.16699999999999998,0.25,0.16699999999999998,0.083,0.083,0.0,0.0,0.16699999999999998,0.083,0.0,0.083,0.0,0.16699999999999998,0.083,0.0,0.083,no
3203,Contemporary Art,Minimalism,Keith Sonnier,untitled,1969,no,none,0.8,0.0,0.02,0.41200000000000003,0.02,0.039,0.059000000000000004,0.0,0.02,0.235,0.098,0.039,0.157,0.0,0.0,0.02,0.0,0.02,0.294,0.11800000000000001,0.02,no
3206,Contemporary Art,Minimalism,Blinky Palermo,butterfly ii,1969,yes,none,-0.18,0.013000000000000001,0.026000000000000002,0.221,0.0,0.026000000000000002,0.065,0.0,0.013000000000000001,0.078,0.11699999999999999,0.013000000000000001,0.052000000000000005,0.026000000000000002,0.026000000000000002,0.091,0.013000000000000001,0.013000000000000001,0.429,0.052000000000000005,0.052000000000000005,no
3211,Contemporary Art,Minimalism,Sheila Hicks,menhir ii,1969,yes,none,0.04,0.043,0.043,0.34,0.021,0.043,0.106,0.17,0.021,0.085,0.064,0.021,0.085,0.085,0.043,0.064,0.021,0.021,0.426,0.064,0.064,no
3212,Contemporary Art,Minimalism,Mark Lancaster,fourths,1969,yes,none,-0.9,0.0,0.0,0.1,0.0,0.1,0.3,0.0,0.0,0.0,0.1,0.0,0.0,0.0,0.0,0.0,0.0,0.0,0.3,0.0,0.1,no
3213,Contemporary Art,Minimalism,Rodolfo Arico,anomalia,1969,yes,none,0.2,0.1,0.0,0.5,0.0,0.0,0.0,0.0,0.1,0.0,0.1,0.1,0.0,0.0,0.0,0.0,0.0,0.0,0.5,0.0,0.1,no
3216,Contemporary Art,Minimalism,Takamatsu Jiro,slack of net,1969,no,none,-0.4,0.0,0.0,0.2,0.1,0.1,0.2,0.0,0.0,0.0,0.2,0.0,0.0,0.0,0.1,0.2,0.2,0.0,0.2,0.0,0.2,no
3217,Contemporary Art,Minimalism,Florin Maxa,hexagon,1969,no,none,-0.15,0.077,0.0,0.154,0.0,0.077,0.308,0.0,0.0,0.077,0.077,0.077,0.0,0.0,0.077,0.0,0.0,0.0,0.385,0.0,0.077,no
3218,Contemporary Art,Minimalism,Gego,reticul&#225;rea (installation view),1969,no,face,0.9,0.0,0.0,0.7,0.0,0.0,0.0,0.1,0.0,0.1,0.0,0.0,0.1,0.0,0.0,0.1,0.0,0.0,0.3,0.4,0.0,no
3222,Contemporary Art,Minimalism,Lynda Benglis,baby blatt,1969,yes,none,-0.3,0.0,0.0,0.5,0.1,0.0,0.1,0.0,0.0,0.3,0.0,0.1,0.2,0.0,0.0,0.0,0.0,0.0,0.4,0.0,0.0,no
3225,Contemporary Art,Minimalism,Noguchi Isamu ,skyviewing sculpture,1969,no,none,0.47,0.0,0.0,0.33299999999999996,0.0,0.0,0.067,0.067,0.0,0.067,0.0,0.0,0.133,0.0,0.0,0.0,0.0,0.0,0.6,0.133,0.067,no
3233,Contemporary Art,Minimalism,Yves Gaucher,r - m - i,1969,yes,none,-0.7,0.0,0.1,0.1,0.0,0.0,0.1,0.0,0.0,0.1,0.5,0.0,0.0,0.0,0.0,0.0,0.0,0.0,0.1,0.0,0.1,no
3242,Contemporary Art,Minimalism,Dan Flavin,untitled (to bob and pat rohm),1970,no,none,0.04,0.013999999999999999,0.013999999999999999,0.35100000000000003,0.040999999999999995,0.0,0.081,0.013999999999999999,0.054000000000000006,0.10800000000000001,0.095,0.040999999999999995,0.135,0.040999999999999995,0.013999999999999999,0.027000000000000003,0.027000000000000003,0.0,0.392,0.040999999999999995,0.040999999999999995,no
